searchType,showId,stdShowId,showName,showDate,cityName,cityId,showStatus,minOriginalPrice,posterUrl,venueId,venueName,backendCategory,isFree,firstShowTime,lastShowTime,minOriginalPriceInfo,latestShowTime,showSessionDates,soldOut,sessionNum,seatPlanNum
SHOW,65ee797bcfc3b20001cdc8d4,65ee797bcfc3b20001cdc8d3,【太原】2024张杰未·LIVE—「开往1982」巡回演唱会-太原站,2024.05.31 - 06.02,太原,1401,PRESALE,380.0,https://cdn.ticketmars.com/image/prod/20240423_21/17138469034104013.jpg,61c134ccc756b131bffb4669,山西体育中心体育场,"{'code': 17, 'displayName': '演唱会', 'name': 'YanChangHui'}",False,1717155000000,1717333200000,"{'yuanNum': '380', 'centNum': '', 'suffix': '起', 'prefix': '￥'}",1717155000000,"['20240602', '20240531', '20240601']",False,3,18
SHOW,660a7cab4102b600015f57b8,660a7cab4102b600015f57b6,【兰州】2024张杰未·LIVE—「开往1982」巡回演唱会-兰州,2024.06.15 - 06.16,兰州,6201,PRESALE,380.0,https://cdn.ticketmars.com/image/prod/20240401_21/17119633806732272.png,649ff8a3e28b3b00016ee192,兰州奥体中心玫瑰体育场,"{'code': 17, 'displayName': '演唱会', 'name': 'YanChangHui'}",False,1718452800000,1718544600000,"{'yuanNum': '380', 'centNum': '', 'suffix': '起', 'prefix': '￥'}",1718452800000,"['20240616', '20240615']",False,2,12
SHOW,6617bfea2aadcb00012e134f,6617bfea2aadcb00012e134d,【大连】薛之谦“天外来物”巡回演唱会-大连站,2024.05.25 - 05.26,大连,2102,PENDING,317.0,https://cdn.ticketmars.com/image/prod/20240411_34/17128325442613114.jpg,58fea4e30cf2aee1e190834e,大连市体育中心体育场,"{'code': 17, 'displayName': '演唱会', 'name': 'YanChangHui'}",False,1716636600000,1716728400000,"{'yuanNum': '317', 'centNum': '', 'suffix': '起', 'prefix': '￥'}",1716636600000,"['20240526', '20240525']",False,2,12
SHOW,65fd34f7d352630001d9582d,65fd34f7d352630001d9582b,【呼和浩特】2024张杰未·LIVE—「开往1982」巡回演唱会,2024.05.18 - 05.19,呼和浩特,1501,PRESALE,380.0,https://cdn.ticketmars.com/image/prod/20240322_11/17110931434149097.png,5886f3d80cf22b8bb6f7670d,呼和浩特体育场,"{'code': 17, 'displayName': '演唱会', 'name': 'YanChangHui'}",False,1716031800000,1716123600000,"{'yuanNum': '380', 'centNum': '', 'suffix': '起', 'prefix': '￥'}",1716031800000,"['20240519', '20240518']",False,2,12
SHOW,662608468b46140001f5aa65,662608468b46140001f5aa63,【郑州】凤凰传奇“吉祥如意”巡回演唱会-郑州站,2024.05.25 - 05.26,郑州,4101,PRESALE,380.0,https://cdn.ticketmars.com/image/prod/20240422_56/17137687325802396.png,662608afa84da500016292ef,郑州奥林匹克体育中心体育场,"{'code': 17, 'displayName': '演唱会', 'name': 'YanChangHui'}",False,1716636600000,1716728400000,"{'yuanNum': '380', 'centNum': '', 'suffix': '起', 'prefix': '￥'}",1716636600000,"['20240526', '20240525']",False,2,12
SHOW,65fcfcad7ad22400010073a4,65fcfcad7ad22400010073a2,【乌鲁木齐】薛之谦“天外来物”巡回演唱会—乌鲁木齐站,2024.05.18 - 05.19,乌鲁木齐,6501,ONSALE,317.0,https://cdn.ticketmars.com/image/prod/20240322_77/17110806157236186.jpg,62e2102da81bd031c4c63976,乌鲁木齐奥体中心体育场,"{'code': 17, 'displayName': '演唱会', 'name': 'YanChangHui'}",False,1716037200000,1716129000000,"{'yuanNum': '317', 'centNum': '', 'suffix': '起', 'prefix': '￥'}",1716037200000,"['20240519', '20240518']",False,2,12
SHOW,66050ac51e59c10001881b4d,66050ac51e59c10001881b4b,【北京】2024 陶喆 Soul Power II 世界巡回演唱会-北京站,2024.06.29 - 06.30,北京,1101,PRESALE,380.0,https://cdn.ticketmars.com/image/prod/20240410_99/17127262967221001.jpg,571dec000cf22ad1941ae0ba,华熙LIVE·五棵松,"{'code': 17, 'displayName': '演唱会', 'name': 'YanChangHui'}",False,1719658800000,1719750600000,"{'yuanNum': '380', 'centNum': '', 'suffix': '起', 'prefix': '￥'}",1719658800000,"['20240629', '20240630']",False,2,10
SHOW,661219ff883d1c00019ccb70,661219ff883d1c00019ccb6f,【北京】徐佳莹「变得有些奢侈的事」巡回演唱会-北京站,2024.05.25 19:00,北京,1101,ONSALE,380.0,https://cdn.ticketmars.com/image/prod/20240407_65/17124624219022857.png,576273800cf2326a5c7e182e,首都体育馆,"{'code': 17, 'displayName': '演唱会', 'name': 'YanChangHui'}",False,1716634800000,1716640200000,"{'yuanNum': '380', 'centNum': '', 'suffix': '起', 'prefix': '￥'}",1716634800000,['20240525'],False,1,6
SHOW,65f2b4c09a167000019a2e64,65f2b4c09a167000019a2e62,【大连】小沈阳2024 《我不！是歌手》巡回演唱会-大连站,2024.07.13 19:30,大连,2102,PRESALE,380.0,https://cdn.ticketmars.com/image/prod/20240314_90/17104048735233032.jpg,5d78da93908c384b4226cc33,大连体育中心体育馆,"{'code': 17, 'displayName': '演唱会', 'name': 'YanChangHui'}",False,1720870200000,1720875600000,"{'yuanNum': '380', 'centNum': '', 'suffix': '起', 'prefix': '￥'}",1720870200000,['20240713'],False,1,5
SHOW,662a0cff129e710001d3aa0b,662a0cff129e710001d3aa0a,【北京】重塑雕像的权利【喝彩之后】2024北京专场演唱会,2024.06.09 19:30,北京,1101,PRESALE,380.0,https://cdn.ticketmars.com/image/prod/20240426_75/17141014678158535.jpg,571dec000cf22ad1941ae0ba,华熙LIVE·五棵松,"{'code': 17, 'displayName': '演唱会', 'name': 'YanChangHui'}",False,1717932600000,1717938000000,"{'yuanNum': '380', 'centNum': '', 'suffix': '起', 'prefix': '￥'}",1717932600000,['20240609'],False,1,4
SHOW,6628b35d4d74d3000148c719,6628b35d4d74d3000148c717,【北京】黄绮珊「晚霞·不晚」2024演唱会-北京站,2024.06.08 19:30,北京,1101,PRESALE,380.0,https://cdn.ticketmars.com/image/prod/20240425_47/17140160455875014.jpg,59cf27ff0cf24fc1c581cbf7,国家体育馆,"{'code': 17, 'displayName': '演唱会', 'name': 'YanChangHui'}",False,1717846200000,1717851600000,"{'yuanNum': '380', 'centNum': '', 'suffix': '起', 'prefix': '￥'}",1717846200000,['20240608'],False,1,5
SHOW,6617bb2a5dd5c50001afd15f,6617bb2a5dd5c50001afd15d,【包头】2024超级演唱会,2024.06.16 19:30,包头,1502,PRESALE,180.0,https://cdn.ticketmars.com/image/prod/20240412_85/17128896122307748.jpg,58ddf12d0cf2e6da505259b4,包头奥林匹克体育中心体育场,"{'code': 17, 'displayName': '演唱会', 'name': 'YanChangHui'}",False,1718537400000,1718542800000,"{'yuanNum': '180', 'centNum': '', 'suffix': '起', 'prefix': '￥'}",1718537400000,['20240616'],False,1,7
SHOW,661763f15dd5c50001a3944b,661763f15dd5c50001a3944a,【北京】2024 郁可唯“终身浪漫的开始”演唱会-北京站,2024.06.22 19:30,北京,1101,PRESALE,380.0,https://cdn.ticketmars.com/image/prod/20240412_11/17128897468028223.png,59cf27ff0cf24fc1c581cbf7,国家体育馆,"{'code': 17, 'displayName': '演唱会', 'name': 'YanChangHui'}",False,1719055800000,1719064800000,"{'yuanNum': '380', 'centNum': '', 'suffix': '起', 'prefix': '￥'}",1719055800000,['20240622'],False,1,5
SHOW,662f196442c8a200017330dc,662f196442c8a200017330db,【鄂尔多斯】乐动北疆 恋上暖城 群星演唱会,2024.05.24 19:30,鄂尔多斯,1506,PRESALE,180.0,https://cdn.ticketmars.com/image/prod/20240429_37/17143767021135136.png,662f1a80a66ba10001b3474a,鄂尔多斯市体育事业发展中心体育场,"{'code': 17, 'displayName': '演唱会', 'name': 'YanChangHui'}",False,1716550200000,1716555600000,"{'yuanNum': '180', 'centNum': '', 'suffix': '起', 'prefix': '￥'}",1716550200000,['20240524'],False,1,6
SHOW,6612206ed61da000013a85fa,6612206ed61da000013a85f9,【北京】2024王栎鑫“岛”演唱会-北京站 ,2024.05.18 19:00,北京,1101,ONSALE,319.0,https://cdn.ticketmars.com/image/prod/20240407_69/17124640676079458.png,576273800cf2326a5c7e182e,首都体育馆,"{'code': 17, 'displayName': '演唱会', 'name': 'YanChangHui'}",False,1716030000000,1716035400000,"{'yuanNum': '319', 'centNum': '', 'suffix': '起', 'prefix': '￥'}",1716030000000,['20240518'],False,1,4
SHOW,65b89da8adb0560001df1088,65b89da8adb0560001df1087,【北京】2024光良“今晚我不孤独2.0”演唱会北京站,2024.05.18 19:30,北京,1101,ONSALE,399.0,https://cdn.ticketmars.com/image/prod/20240130_37/17065979062284522.png,59cf27ff0cf24fc1c581cbf7,国家体育馆,"{'code': 17, 'displayName': '演唱会', 'name': 'YanChangHui'}",False,1716031800000,1716037200000,"{'yuanNum': '399', 'centNum': '', 'suffix': '起', 'prefix': '￥'}",1716031800000,['20240518'],False,1,6
SHOW,6616533f16d779000174a1f1,6616533e16d779000174a1ef,【北京】水木年华·所以少年人 全国巡回演唱会-北京站,2024.05.25 19:30,北京,1101,PRESALE,280.0,https://cdn.ticketmars.com/image/prod/20240410_78/17127398389515196.jpg,59cf27ff0cf24fc1c581cbf7,国家体育馆,"{'code': 17, 'displayName': '演唱会', 'name': 'YanChangHui'}",False,1716636600000,1716642000000,"{'yuanNum': '280', 'centNum': '', 'suffix': '起', 'prefix': '￥'}",1716636600000,['20240525'],False,1,6
SHOW,660bc3ad15f6ea0001d7b249,660bc3ad15f6ea0001d7b247,【西宁】薛之谦“天外来物”巡回演唱会—西宁站,2024.06.01 20:30,西宁,6301,PRESALE,317.0,https://cdn.ticketmars.com/image/prod/20240402_84/17120470778334097.jpg,595c98500cf21fc2e7b10573,青海体育中心体育场,"{'code': 17, 'displayName': '演唱会', 'name': 'YanChangHui'}",False,1717245000000,1717250400000,"{'yuanNum': '317', 'centNum': '', 'suffix': '起', 'prefix': '￥'}",1717245000000,['20240601'],False,1,6
SHOW,655f2f68a1389300012098dc,655f2f68a1389300012098db,【太原】杨丞琳“LIKE A STAR”世界巡回演唱会——太原站,2024.07.13 19:00,太原,1401,PRESALE,380.0,https://cdn.ticketmars.com/image/prod/20240115_82/17052871432943098.png,6448a7169523d50001527126,潇河国际会展中心,"{'code': 17, 'displayName': '演唱会', 'name': 'YanChangHui'}",False,1720868400000,1720873800000,"{'yuanNum': '380', 'centNum': '', 'suffix': '起', 'prefix': '￥'}",1720868400000,['20240713'],False,1,6
SHOW,660bbb86efa6bd00017d93f4,660bbb86efa6bd00017d93f3,【北京】倾爱多彩·2024小野丽莎北京演唱会,2024.05.28 19:30,北京,1101,PRESALE,280.0,https://cdn.ticketmars.com/image/prod/20240410_37/17127198523348528.jpg,64701e547b5bb20001d16d16,北京展览馆,"{'code': 17, 'displayName': '演唱会', 'name': 'YanChangHui'}",False,1716895800000,1716901200000,"{'yuanNum': '280', 'centNum': '', 'suffix': '起', 'prefix': '￥'}",1716895800000,['20240528'],False,1,5
SHOW,662a177e5144d80001c3f848,662a177e5144d80001c3f847,【北京】歌者启程 张云雷演唱会-北京站,2024.06.15 19:30,北京,1101,PENDING,380.0,https://cdn.ticketmars.com/image/prod/20240511_12/17154120496632560.png,571dec000cf22ad1941ae0ba,华熙LIVE·五棵松,"{'code': 17, 'displayName': '演唱会', 'name': 'YanChangHui'}",False,1718451000000,1718456400000,"{'yuanNum': '380', 'centNum': '', 'suffix': '起', 'prefix': '￥'}",1718451000000,['20240615'],False,1,5
SHOW,65bcae1bc48d9d0001faa0ec,65bcae1bc48d9d0001faa0ea,【太原】2024王心凌SUGAR HIGH世界巡回演唱会-太原站,2024.06.22 19:30,太原,1401,PENDING,480.0,https://cdn.ticketmars.com/image/prod/20240202_90/17068642939758396.png,5bce9743c756b13bd6dacc5b,山西体育中心体育馆,"{'code': 17, 'displayName': '演唱会', 'name': 'YanChangHui'}",False,1719055800000,1719061200000,"{'yuanNum': '480', 'centNum': '', 'suffix': '起', 'prefix': '￥'}",1719055800000,['20240622'],False,1,6
SHOW,65f9010a9519d70001a3fc79,65f9010a9519d70001a3fc77,【太原】【金池】谁不是2024巡演-太原站,2024.05.18 20:00,太原,1401,ONSALE,120.0,https://cdn.ticketmars.com/image/prod/20240507_52/17150749826236088.png,5f4f78c3d3521e1e921ac125,The Boo（太原）,"{'code': 19, 'displayName': 'Livehouse', 'name': 'Livehouse'}",False,1716033600000,1716039000000,"{'yuanNum': '120', 'centNum': '', 'suffix': '起', 'prefix': '￥'}",1716033600000,['20240518'],False,1,3
SHOW,65e6b66471d5d40001613d38,65e6b66471d5d40001613d37,【北京】2024枯木逢春「人间八万里」巡回演唱会 北京站,2024.05.25 20:00,北京,1101,PRESALE,158.0,https://cdn.ticketmars.com/image/prod/20240305_31/17096189061457375.jpg,646c33c6b606e30001d7763a,本土王牌LIVE（北京）,"{'code': 19, 'displayName': 'Livehouse', 'name': 'Livehouse'}",False,1716638400000,1716643800000,"{'yuanNum': '158', 'centNum': '', 'suffix': '起', 'prefix': '￥'}",1716638400000,['20240525'],False,1,5
SHOW,65dd9309ea6cef00018c92f9,65dd9309ea6cef00018c92f8,【郑州】苏打绿二十年一刻巡回演唱会-郑州站,2024.05.18 - 05.19,郑州,4101,ONSALE,380.0,https://cdn.ticketmars.com/image/prod/20240228_23/17090990998558295.jpg,5d73b773c756b13361f329b4,郑州奥体中心体育馆,"{'code': 17, 'displayName': '演唱会', 'name': 'YanChangHui'}",False,1716031800000,1716123600000,"{'yuanNum': '380', 'centNum': '', 'suffix': '起', 'prefix': '￥'}",1716031800000,"['20240519', '20240518']",False,2,12
SHOW,65f153918027fb00013a85cc,65f153918027fb00013a85ca,【北京】苏运莹「圆与自然」2024个人音乐会 北京站,2024.06.22 20:00,北京,1101,PRESALE,288.0,https://cdn.ticketmars.com/image/prod/20240313_87/17103144386877649.jpg,646c33c6b606e30001d7763a,本土王牌LIVE（北京）,"{'code': 19, 'displayName': 'Livehouse', 'name': 'Livehouse'}",False,1719057600000,1719063000000,"{'yuanNum': '288', 'centNum': '', 'suffix': '起', 'prefix': '￥'}",1719057600000,['20240622'],False,1,3
SHOW,663dcf1305cd1800015f302c,663dcf1305cd1800015f302b,【北京】2024 Westlife西城男孩《With Love - 与爱同行》演唱会-北京站,2024.06.01 19:30,北京,1101,PENDING,399.0,https://cdn.ticketmars.com/image/prod/20240510_52/17153267894437519.jpg,57627c910cf2326a5c7e18ac,工人体育场,"{'code': 17, 'displayName': '演唱会', 'name': 'YanChangHui'}",False,1717241400000,1717246800000,"{'yuanNum': '399', 'centNum': '', 'suffix': '起', 'prefix': '￥'}",1717241400000,['20240601'],False,1,8
SHOW,66011428712d9e0001b8be00,66011428712d9e0001b8bdfe,【呼和浩特】薛之谦“天外来物”巡回演唱会—呼和浩特站,2024.07.05 - 07.06,呼和浩特,1501,PENDING,317.0,https://cdn.ticketmars.com/image/prod/20240402_18/17120391472089774.jpg,5886f3d80cf22b8bb6f7670d,呼和浩特体育场,"{'code': 17, 'displayName': '演唱会', 'name': 'YanChangHui'}",False,1720180800000,1720272600000,"{'yuanNum': '317', 'centNum': '', 'suffix': '起', 'prefix': '￥'}",1720180800000,"['20240706', '20240705']",False,2,12
SHOW,65c34db2acbdf800010ff2d8,65c33097acbdf800010df98e,【北京】【春节不打烊】【沉浸式演出】音乐live现场｜乐队的每天【派对专场】流行金曲｜嗨歌联盟-巡演呈现,2024.05.13 - 06.30,北京,1101,ONSALE,99.0,https://cdn.ticketmars.com/image/prod/20240207_51/17072910965818475.png,652b9fe91994e100019861b1,雍和宫·爱笑艺术剧院,"{'code': 19, 'displayName': 'Livehouse', 'name': 'Livehouse'}",False,1715599800000,1719759600000,"{'yuanNum': '99', 'centNum': '', 'suffix': '起', 'prefix': '￥'}",1715599800000,"['20240517', '20240516', '20240515', '20240514', '20240519', '20240518', '20240630', '20240513', '20240627', '20240626', '20240625', '20240624', '20240629', '20240628', '20240623', '20240622', '20240621', '20240620', '20240616', '20240615', '20240614', '20240613', '20240619', '20240618', '20240617', '20240531', '20240530', '20240612', '20240611', '20240610', '20240528', '20240605', '20240527', '20240604', '20240526', '20240603', '20240525', '20240602', '20240609', '20240608', '20240607', '20240606', '20240529', '20240520', '20240524', '20240601', '20240523', '20240522', '20240521']",False,113,339
SHOW,660d80672aadcb0001249240,660d80672aadcb000124923e,【北京】金玟岐2024“一起唱歌的夜晚”巡回演唱会—北京站（收官）,2024.06.23 19:30,北京,1101,PRESALE,280.0,https://cdn.ticketmars.com/image/prod/20240404_92/17121611065785410.jpg,576276820cf2326a5c7e184a,北京展览馆剧场,"{'code': 17, 'displayName': '演唱会', 'name': 'YanChangHui'}",False,1719142200000,1719147600000,"{'yuanNum': '280', 'centNum': '', 'suffix': '起', 'prefix': '￥'}",1719142200000,['20240623'],False,1,5
SHOW,662e01e320a8020001f5d420,662e01e320a8020001f5d41f,【北京】动力火车“都是因为爱”巡回演唱会·北京站,2024.07.06 19:30,北京,1101,PENDING,380.0,https://cdn.ticketmars.com/image/prod/20240428_15/17142913122836483.png,59cf27ff0cf24fc1c581cbf7,国家体育馆,"{'code': 17, 'displayName': '演唱会', 'name': 'YanChangHui'}",False,1720265400000,1720270800000,"{'yuanNum': '380', 'centNum': '', 'suffix': '起', 'prefix': '￥'}",1720265400000,['20240706'],False,1,5
SHOW,65fd1d75fb494c00012454de,65fd1b57b6f6e60001a35538,【北京】《海阔天空--致敬Beyond金曲演唱会》,2024.06.19 19:30,北京,1101,ONSALE,58.0,https://cdn.ticketmars.com/image/prod/20240322_40/17110864747451429.jpg,5877444b0cf258a95c8d89fb,朝阳剧场,"{'code': 17, 'displayName': '演唱会', 'name': 'YanChangHui'}",False,1718796600000,1718802600000,"{'yuanNum': '58', 'centNum': '', 'suffix': '起', 'prefix': '￥'}",1718796600000,['20240619'],False,1,11
SHOW,661f42d9f11aeb0001ea6f56,661f42d85e52ce00012c266d,【太原】《重温·旧日的足迹》致敬BEYOND金曲音乐会 特邀嘉宾：王喂马,2024.06.14 20:30,太原,1401,ONSALE,50.0,https://cdn.ticketmars.com/prod/external/img/20240417/661f42d814295c000153d4c5.jpg,5f4f78c3d3521e1e921ac125,The Boo（太原）,"{'code': 19, 'displayName': 'Livehouse', 'name': 'Livehouse'}",False,1718368200000,1718373600000,"{'yuanNum': '50', 'centNum': '', 'suffix': '起', 'prefix': '￥'}",1718368200000,['20240614'],False,1,5
SHOW,65f8ff25de21ce0001ac0ec4,65f8ff25de21ce0001ac0ec3,【北京】【金池】谁不是2024巡演-北京站,2024.07.06 20:00,北京,1101,ONSALE,120.0,https://cdn.ticketmars.com/image/prod/20240507_10/17150749671259234.png,640819d33d195a00013bab46,福浪Live House-福,"{'code': 19, 'displayName': 'Livehouse', 'name': 'Livehouse'}",False,1720267200000,1720272600000,"{'yuanNum': '120', 'centNum': '', 'suffix': '起', 'prefix': '￥'}",1720267200000,['20240706'],False,1,3
SHOW,64fec4e8f38b52000110f72e,64fec4e8f38b52000110f72d,【大连】2023 老狼「青春舞曲」大连演唱会,2023.11.18 19:30,大连,2102,DELAY,280.0,https://cdn.ticketmars.com/image/prod/20230911_53/16944181877387232.jpg,5d78da93908c384b4226cc33,大连体育中心体育馆,"{'code': 17, 'displayName': '演唱会', 'name': 'YanChangHui'}",False,1700307000000,1700312400000,"{'yuanNum': '280', 'centNum': '', 'suffix': '起', 'prefix': '￥'}",1700307000000,['20231118'],False,1,6
SHOW,65f91b059519d70001a7b78c,65f91b059519d70001a7b78a,【大连】【金池】谁不是2024巡演-大连站,2024.06.29 20:00,大连,2102,ONSALE,120.0,https://cdn.ticketmars.com/image/prod/20240507_17/17150749941843333.png,616662b3908c383ac9d17416,赫兹空间（佳兆业店）,"{'code': 19, 'displayName': 'Livehouse', 'name': 'Livehouse'}",False,1719662400000,1719667800000,"{'yuanNum': '120', 'centNum': '', 'suffix': '起', 'prefix': '￥'}",1719662400000,['20240629'],False,1,3
SHOW,64f5bab98e7a8c00018beabb,64f5bab98e7a8c00018beaba,【乌鲁木齐】2023老狼 青春舞曲乌鲁木齐演唱会,2023.09.23 20:30,乌鲁木齐,6501,DELAY,388.0,https://cdn.ticketmars.com/image/prod/20230904_64/16938257799595381.png,64e8682017029e00019e61fc,乌鲁木齐奥体中心体育馆,"{'code': 17, 'displayName': '演唱会', 'name': 'YanChangHui'}",False,1695472200000,1695477600000,"{'yuanNum': '388', 'centNum': '', 'suffix': '起', 'prefix': '￥'}",1695472200000,['20230923'],False,1,6
SHOW,6620daa74138080001359201,6620daa75cee7b00012962d8,【北京】厨子和戏子十周年【溯】巡演 北京站,2024.05.18 20:00,北京,1101,ONSALE,108.0,https://cdn.ticketmars.com/prod/external/img/20240418/6620daa70be8c00001f3aeba.jpg,65016155a26b47000101a531,福浪Live House-浪,"{'code': 19, 'displayName': 'Livehouse', 'name': 'Livehouse'}",False,1716033600000,1716040800000,"{'yuanNum': '108', 'centNum': '', 'suffix': '起', 'prefix': '￥'}",1716033600000,['20240518'],False,1,3
SHOW,6433bb7f77228d0001745d51,6433bb7d7658ad0001584db4,【沈阳】【延期】向阳花·LIVE特别呈现—202S·Smile 沈阳站,2023.04.22 20:00,沈阳,2101,DELAY,158.0,https://bg.piaoxingqiu.cn/image/prod/20230410_53/16811119340801788.jpg,5e93d296a81bd0738de2a83b,原料库live house（红梅店）,"{'code': 19, 'displayName': 'Livehouse', 'name': 'Livehouse'}",False,1682164800000,1682175600000,"{'yuanNum': '158', 'centNum': '', 'suffix': '起', 'prefix': '￥'}",1682164800000,['20230422'],False,1,2
SHOW,65f423f99519d700011ae9c8,65f423f86221bd0001745cc4,【银川】沉舟乐队【野风入夜】2024巡演 银川站,2024.05.25 20:30,银川,6401,ONSALE,98.0,https://cdn.ticketmars.com/prod/external/img/20240315/65f423d5ba3a760001077c82.jpg,5d5b881ac756b11e75793a9c,铜管Live House,"{'code': 19, 'displayName': 'Livehouse', 'name': 'Livehouse'}",False,1716640200000,1716646200000,"{'yuanNum': '98', 'centNum': '', 'suffix': '起', 'prefix': '￥'}",1716640200000,['20240525'],False,1,3
SHOW,6621f4028b46140001879a3e,6621f400d18fc2000147943d,【郑州】南拳妈妈我回来了巡回演唱会郑州站,2024.08.02 20:00,郑州,4101,ONSALE,299.0,https://cdn.ticketmars.com/prod/external/img/20240419/6621f4016ec4760001b7acaa.jpg,60ab4970a81bd0478ae41b23,郑州橙空间,"{'code': 19, 'displayName': 'Livehouse', 'name': 'Livehouse'}",False,1722600000000,1722607200000,"{'yuanNum': '299', 'centNum': '', 'suffix': '起', 'prefix': '￥'}",1722600000000,['20240802'],False,1,4
SHOW,6630c4a556b9f20001605e1d,6630c3fa56b9f2000160378f,【北京】北京 | 5.26「 Mr·Sun Fusion Band」 2024新专辑巡演,2024.05.26 20:00,北京,1101,ONSALE,180.0,https://cdn.ticketmars.com/image/prod/20240430_10/17144719493861858.png,585a2ab60cf2477fb36e1f96,Blue Note Beijing,"{'code': 19, 'displayName': 'Livehouse', 'name': 'Livehouse'}",False,1716724800000,1716730200000,"{'yuanNum': '180', 'centNum': '', 'suffix': '', 'prefix': '￥'}",1716724800000,['20240526'],False,1,1
SHOW,662b3c7d8b4614000189f37d,662b3c7cae03db00010c3991,【北京】熊猫眼乐队「春日限定般的告白」2024巡演 北京站,2024.06.28 20:30,北京,1101,ONSALE,88.0,https://cdn.ticketmars.com/prod/external/img/20240426/662b3c7cb20eb900015718ad.jpg,622b0ca4d3521e35f4014322,乐空间（北京）,"{'code': 19, 'displayName': 'Livehouse', 'name': 'Livehouse'}",False,1719577800000,1719583200000,"{'yuanNum': '88', 'centNum': '', 'suffix': '起', 'prefix': '￥'}",1719577800000,['20240628'],False,1,4
SHOW,6620e914413808000138e714,6620e72f41380800013872fb,【北京】《饿狼传说-致敬港乐金曲演唱会》,2024.06.16 19:30,北京,1101,ONSALE,58.0,https://cdn.ticketmars.com/image/prod/20240418_63/17134324491866002.jpg,57de45a40cf2d8fd4db321d4,红剧场,"{'code': 17, 'displayName': '演唱会', 'name': 'YanChangHui'}",False,1718537400000,1718543400000,"{'yuanNum': '58', 'centNum': '', 'suffix': '起', 'prefix': '￥'}",1718537400000,['20240616'],False,1,11
SHOW,66221013129e710001f46b81,66221012bad0e70001a53f4f,【郑州】昨日的聚会——惘闻25周年 巡演 郑州站,2024.06.21 20:30,郑州,4101,ONSALE,160.0,https://cdn.ticketmars.com/prod/external/img/20240419/662210129eb2a4000143c043.jpg,60e81d0d83a7d7073ee0986a,7LIVEHOUSE+,"{'code': 19, 'displayName': 'Livehouse', 'name': 'Livehouse'}",False,1718973000000,1718980200000,"{'yuanNum': '160', 'centNum': '', 'suffix': '起', 'prefix': '￥'}",1718973000000,['20240621'],False,1,3
SHOW,663efcd9c3a5ce000162c20e,663efc9445dc480001a059e0,【北京】5.25 「Wonderland Travel Trio」奇境旅行三重奏,2024.05.25 20:00,北京,1101,ONSALE,180.0,https://cdn.ticketmars.com/image/prod/20240511_21/17154039419513278.jpg,585a2ab60cf2477fb36e1f96,Blue Note Beijing,"{'code': 19, 'displayName': 'Livehouse', 'name': 'Livehouse'}",False,1716638400000,1716643800000,"{'yuanNum': '180', 'centNum': '', 'suffix': '', 'prefix': '￥'}",1716638400000,['20240525'],False,1,1
SHOW,661f3f7c4138080001f3b604,661f3cf7129e7100018a0168,【郑州】英国 UKEBOX 尤克里里乐队 2024巡演-郑州站,2024.06.06 20:00,郑州,4101,ONSALE,168.0,https://cdn.ticketmars.com/image/prod/20240417_63/17133233383588112.jpg,60e81d0d83a7d7073ee0986a,7LIVEHOUSE+,"{'code': 19, 'displayName': 'Livehouse', 'name': 'Livehouse'}",False,1717675200000,1717680600000,"{'yuanNum': '168', 'centNum': '', 'suffix': '起', 'prefix': '￥'}",1717675200000,['20240606'],False,1,3
SHOW,660ac598fceb5b000134f389,660ac59778cb9e0001e9198e,【长春】齐一《生活万岁》2024巡演 长春站,2024.06.08 19:30,长春,2201,ONSALE,138.0,https://cdn.ticketmars.com/prod/external/img/20240401/660ac59713dbca0001488125.jpg,5c874963908c38729559b49b,音浪livehouse,"{'code': 19, 'displayName': 'Livehouse', 'name': 'Livehouse'}",False,1717846200000,1717853400000,"{'yuanNum': '138', 'centNum': '', 'suffix': '起', 'prefix': '￥'}",1717846200000,['20240608'],False,1,3
SHOW,662481ce5144d800012736dd,662481cd5e52ce00010c7cd1,【北京】2024不言而语器摇音乐季,2024.06.02 19:00,北京,1101,ONSALE,128.0,https://cdn.ticketmars.com/prod/external/img/20240421/662481cdb2a4ca00012051c5.jpg,599a47170cf20fb2084de421,疆进酒 OMNI SPACE 北京,"{'code': 19, 'displayName': 'Livehouse', 'name': 'Livehouse'}",False,1717326000000,1717340400000,"{'yuanNum': '128', 'centNum': '', 'suffix': '起', 'prefix': '￥'}",1717326000000,['20240602'],False,1,3
SHOW,662ded785144d800012ee1eb,662ded77d621370001837e4f,【北京】普通人生  海洋Bo 2024专辑巡演 北京站,2024.05.25 20:00,北京,1101,ONSALE,120.0,https://cdn.ticketmars.com/prod/external/img/20240428/662ded776ec476000169a21d.jpg,6464797350257400011fa3b3,East LIVE,"{'code': 19, 'displayName': 'Livehouse', 'name': 'Livehouse'}",False,1716638400000,1716645659000,"{'yuanNum': '120', 'centNum': '', 'suffix': '起', 'prefix': '￥'}",1716638400000,['20240525'],False,1,4
SHOW,660abe92fceb5b00013411af,660abe913aefd50001dfe3d1,【大连】齐一《生活万岁》2024巡演 大连站,2024.07.12 20:00,大连,2102,ONSALE,138.0,https://cdn.ticketmars.com/prod/external/img/20240401/660abe9113dbca000147763d.jpg,616662b3908c383ac9d17416,赫兹空间（佳兆业店）,"{'code': 19, 'displayName': 'Livehouse', 'name': 'Livehouse'}",False,1720785600000,1720792800000,"{'yuanNum': '138', 'centNum': '', 'suffix': '起', 'prefix': '￥'}",1720785600000,['20240712'],False,1,3
SHOW,6630611756b9f2000144c2fd,66305ab2a7db130001687ada,【北京】北京 | 5.18-19 Antonio Fusco Trio「Sete」，意式美学中的稀有宝石,2024.05.18 - 05.19,北京,1101,ONSALE,220.0,https://cdn.ticketmars.com/image/prod/20240430_23/17144451749857651.png,585a2ab60cf2477fb36e1f96,Blue Note Beijing,"{'code': 19, 'displayName': 'Livehouse', 'name': 'Livehouse'}",False,1716033600000,1716125400000,"{'yuanNum': '220', 'centNum': '', 'suffix': '', 'prefix': '￥'}",1716033600000,"['20240519', '20240518']",False,2,2
SHOW,6620f6cee1b6eb0001cbabbc,6620f6cb5cee7b00014cd6ce,【北京】Cornelius “梦中梦” 2024巡演 北京站,2024.05.28 20:30,北京,1101,ONSALE,380.0,https://cdn.ticketmars.com/prod/external/img/20240418/6620f6ccb2a4ca0001957d2d.jpg,640819d33d195a00013bab46,福浪Live House-福,"{'code': 19, 'displayName': 'Livehouse', 'name': 'Livehouse'}",False,1716899400000,1716904800000,"{'yuanNum': '380', 'centNum': '', 'suffix': '', 'prefix': '￥'}",1716899400000,['20240528'],False,1,1
SHOW,662dfb8c4d74d30001dcfd76,662dfb8c07e8c400018c33a8,【郑州】刘炫廷「NOBODY」2024巡演 郑州站,2024.06.02 20:00,郑州,4101,ONSALE,168.0,https://cdn.ticketmars.com/prod/external/img/20240428/662dfb896ec47600016b984a.jpg,5b600bec908c3816513b884e,7LIVEHOUSE（新通桥店）,"{'code': 19, 'displayName': 'Livehouse', 'name': 'Livehouse'}",False,1717329600000,1717335059000,"{'yuanNum': '168', 'centNum': '', 'suffix': '起', 'prefix': '￥'}",1717329600000,['20240602'],False,1,3
SHOW,6617ae41d61da00001e0ddfd,6617ae41bf66530001a91aed,【北京】聽天湯「同年同月同日_」首張專輯巡演 北京站,2024.05.16 20:30,北京,1101,ONSALE,110.0,https://cdn.ticketmars.com/prod/external/img/20240401/660a86496121320001f04c9a.jpg,580485680cf28631977d3d8e,Mao Livehouse （北京）,"{'code': 19, 'displayName': 'Livehouse', 'name': 'Livehouse'}",False,1715862600000,1715868000000,"{'yuanNum': '110', 'centNum': '', 'suffix': '起', 'prefix': '￥'}",1715862600000,['20240516'],False,1,4
SHOW,6620827420a8020001664880,66207f5320a802000165acbc,【洛阳】英国 UKEBOX 尤克里里乐队 2024巡演-洛阳站,2024.06.05 20:00,洛阳,4103,ONSALE,128.0,https://cdn.ticketmars.com/image/prod/20240418_13/17134058026711351.jpg,661f9482a84da50001628550,洛阳拾叁堂livehouse（天心店）,"{'code': 19, 'displayName': 'Livehouse', 'name': 'Livehouse'}",False,1717588800000,1717594200000,"{'yuanNum': '128', 'centNum': '', 'suffix': '起', 'prefix': '￥'}",1717588800000,['20240605'],False,1,3
SHOW,662870bc8b461400013a8c4e,66286f645144d80001926bd8,【北京】《沈煜伦2024大千世界演唱会》,2024.05.25 19:30,北京,1101,ONSALE,80.0,https://cdn.ticketmars.com/image/prod/20240424_51/17139260655883909.jpg,5b431531908c381a8568c779,北京崇文工人文化宫（红剧场）,"{'code': 17, 'displayName': '演唱会', 'name': 'YanChangHui'}",False,1716636600000,1716642000000,"{'yuanNum': '80', 'centNum': '', 'suffix': '起', 'prefix': '￥'}",1716636600000,['20240525'],False,1,8
SHOW,662dfb92aad20400017b1e0d,662dfb9207e8c400018c3bb7,【沈阳】刘炫廷「NOBODY」2024巡演 沈阳站,2024.06.14 20:00,沈阳,2101,ONSALE,168.0,https://cdn.ticketmars.com/prod/external/img/20240428/662dfb896ec47600016b984a.jpg,63b787d81e97d600010ca110,原料库VastFactory（大悦城店）,"{'code': 19, 'displayName': 'Livehouse', 'name': 'Livehouse'}",False,1718366400000,1718371800000,"{'yuanNum': '168', 'centNum': '', 'suffix': '起', 'prefix': '￥'}",1718366400000,['20240614'],False,1,3
SHOW,663a00e7a9ea350001edef70,663a00e7a9ea350001edef6e,【长春】【金池】谁不是2024巡演-长春站,2024.06.28 20:00,长春,2201,ONSALE,150.0,https://cdn.ticketmars.com/image/prod/20240507_12/17150783655547049.jpg,5c874963908c38729559b49b,音浪livehouse,"{'code': 19, 'displayName': 'Livehouse', 'name': 'Livehouse'}",False,1719576000000,1719581400000,"{'yuanNum': '150', 'centNum': '', 'suffix': '起', 'prefix': '￥'}",1719576000000,['20240628'],False,1,2
SHOW,65f423f7f3532400017eea7e,65f423f76221bd0001745cba,【太原】沉舟乐队【野风入夜】2024巡演 太原站,2024.05.24 20:30,太原,1401,ONSALE,98.0,https://cdn.ticketmars.com/prod/external/img/20240315/65f423d5ba3a760001077c82.jpg,5f4f78c3d3521e1e921ac125,The Boo（太原）,"{'code': 19, 'displayName': 'Livehouse', 'name': 'Livehouse'}",False,1716553800000,1716559800000,"{'yuanNum': '98', 'centNum': '', 'suffix': '起', 'prefix': '￥'}",1716553800000,['20240524'],False,1,3
SHOW,661f42e28b461400012169d3,661f42e25e52ce00012c26b0,【银川】重温·旧日的足迹,2024.06.30 20:30,银川,6401,ONSALE,100.0,https://cdn.ticketmars.com/prod/external/img/20240417/661f42e20be8c00001c6a9ac.jpg,5d5b881ac756b11e75793a9c,铜管Live House,"{'code': 19, 'displayName': 'Livehouse', 'name': 'Livehouse'}",False,1719750600000,1719756000000,"{'yuanNum': '100', 'centNum': '', 'suffix': '起', 'prefix': '￥'}",1719750600000,['20240630'],False,1,3
SHOW,661cfb4c5dd5c500013d2cce,661cfb4a7952a3000123d5eb,【太原】浅水ShallowEnd巡演2024CHINA TOUR「来世」太原站,2024.07.12 20:00,太原,1401,ONSALE,19.0,https://cdn.ticketmars.com/prod/external/img/20240415/661cfb4b51c7f600010473ba.jpg,5f4f78c3d3521e1e921ac125,The Boo（太原）,"{'code': 19, 'displayName': 'Livehouse', 'name': 'Livehouse'}",False,1720785600000,1720794600000,"{'yuanNum': '19', 'centNum': '', 'suffix': '起', 'prefix': '￥'}",1720785600000,['20240712'],False,1,4
SHOW,662dd1718b46140001d379ba,662dd1702857df0001e4ed7e,【呼和浩特】浅水ShallowEnd巡演2024CHINA TOUR「来世」呼和浩特站,2024.07.14 20:00,呼和浩特,1501,ONSALE,79.0,https://cdn.ticketmars.com/prod/external/img/20240331/66092dca13dbca00010ce1ed.jpg,5cbd90b1908c3872f82066f1,WHOHOT LIVEHOUSE（呼和浩特）,"{'code': 19, 'displayName': 'Livehouse', 'name': 'Livehouse'}",False,1720958400000,1720967400000,"{'yuanNum': '79', 'centNum': '', 'suffix': '起', 'prefix': '￥'}",1720958400000,['20240714'],False,1,3
SHOW,6630e4dc5b85580001fe2ea5,6630e4dcd621370001eb99a9,【大连】【2024PACT派克特Section90巡演】大连站,2024.05.26 20:00,大连,2102,ONSALE,158.0,https://cdn.ticketmars.com/prod/external/img/20240430/6630e4dc5371fd000131f842.jpg,616662b3908c383ac9d17416,赫兹空间（佳兆业店）,"{'code': 19, 'displayName': 'Livehouse', 'name': 'Livehouse'}",False,1716724800000,1716732000000,"{'yuanNum': '158', 'centNum': '', 'suffix': '起', 'prefix': '￥'}",1716724800000,['20240526'],False,1,3
SHOW,6639bcedaf294e0001d98b24,6639bcecf0712300016500b5,【北京】浪漫先行,2024.06.08 19:30,北京,1101,ONSALE,138.0,https://cdn.ticketmars.com/prod/external/img/20240507/6639bcec0e636000016507a4.jpg,60d9a6bdc756b12d0539f037,北京 想象空间,"{'code': 19, 'displayName': 'Livehouse', 'name': 'Livehouse'}",False,1717846200000,1717858800000,"{'yuanNum': '138', 'centNum': '', 'suffix': '起', 'prefix': '￥'}",1717846200000,['20240608'],False,1,3
SHOW,661e2293e1b6eb00016872a3,661e2292bad0e70001ea1921,【郑州】【秀动呈献】普通人生  海洋Bo 2024专辑巡演 郑州站,2024.06.08 20:00,郑州,4101,ONSALE,120.0,https://cdn.ticketmars.com/prod/external/img/20240416/661e2293c05e2e0001cd8b72.jpg,60e81d0d83a7d7073ee0986a,7LIVEHOUSE+,"{'code': 19, 'displayName': 'Livehouse', 'name': 'Livehouse'}",False,1717848000000,1717855259000,"{'yuanNum': '120', 'centNum': '', 'suffix': '起', 'prefix': '￥'}",1717848000000,['20240608'],False,1,4
SHOW,662b2e714d74d300018ca23b,662b2e700ec58a00015ae475,【大连】昨日的聚会——惘闻25周年 巡演 大连站,2024.07.14 20:00,大连,2102,ONSALE,160.0,https://cdn.ticketmars.com/prod/external/img/20240426/662b2e719eb2a4000175ee5c.jpg,616662b3908c383ac9d17416,赫兹空间（佳兆业店）,"{'code': 19, 'displayName': 'Livehouse', 'name': 'Livehouse'}",False,1720958400000,1720965600000,"{'yuanNum': '160', 'centNum': '', 'suffix': '起', 'prefix': '￥'}",1720958400000,['20240714'],False,1,3
SHOW,6638a3a45b85580001b8936b,6638a3a4d0c38e00011b87a1,【北京】HAZE夏日演出季 - The Royal Concept北京专场,2024.05.26 20:00,北京,1101,ONSALE,180.0,https://cdn.ticketmars.com/prod/external/img/20240506/6638a397b20eb90001f9aaae.jpg,640819d33d195a00013bab46,福浪Live House-福,"{'code': 19, 'displayName': 'Livehouse', 'name': 'Livehouse'}",False,1716724800000,1716730200000,"{'yuanNum': '180', 'centNum': '', 'suffix': '起', 'prefix': '￥'}",1716724800000,['20240526'],False,1,4
SHOW,660934d2b6808500014263ac,660934d13aefd50001903741,【郑州】浅水ShallowEnd巡演2024CHINA TOUR「来世」郑州站,2024.07.21 20:00,郑州,4101,ONSALE,79.0,https://cdn.ticketmars.com/prod/external/img/20240331/660934d1f6a96b0001f02b78.jpg,5b600bec908c3816513b884e,7LIVEHOUSE（新通桥店）,"{'code': 19, 'displayName': 'Livehouse', 'name': 'Livehouse'}",False,1721563200000,1721572200000,"{'yuanNum': '79', 'centNum': '', 'suffix': '起', 'prefix': '￥'}",1721563200000,['20240721'],False,1,3
SHOW,6630898b0e64ba00011ce60c,6630898be77172000179aa6c,【北京】泰国后摇大团 Inspirative「Invisible Bonds」2024 巡演 北京站,2024.06.26 20:00,北京,1101,ONSALE,160.0,https://cdn.ticketmars.com/prod/external/img/20240430/6630898114295c00019dec6f.jpg,580485680cf28631977d3d8e,Mao Livehouse （北京）,"{'code': 19, 'displayName': 'Livehouse', 'name': 'Livehouse'}",False,1719403200000,1719408659000,"{'yuanNum': '160', 'centNum': '', 'suffix': '起', 'prefix': '￥'}",1719403200000,['20240626'],False,1,2
SHOW,662f06b915db9e00011e3f22,662f06b0502ecd00012ae255,【长春】次元星夜ACG室内音乐节,2024.05.18 18:00,长春,2201,ONSALE,59.0,https://cdn.ticketmars.com/prod/external/img/20240429/662f06b06ec47600018dda78.jpg,604ece3fa81bd049eb829cca,GOIN LIVE,"{'code': 19, 'displayName': 'Livehouse', 'name': 'Livehouse'}",False,1716026400000,1716042600000,"{'yuanNum': '59', 'centNum': '', 'suffix': '起', 'prefix': '￥'}",1716026400000,['20240518'],False,1,3
SHOW,660ac59d1e59c100012224ee,660ac59c78cb9e0001e919b7,【太原】齐一《生活万岁》2024巡演 太原站,2024.06.23 20:00,太原,1401,ONSALE,138.0,https://cdn.ticketmars.com/prod/external/img/20240401/660ac59d2461950001e5ac0c.jpg,5f4f78c3d3521e1e921ac125,The Boo（太原）,"{'code': 19, 'displayName': 'Livehouse', 'name': 'Livehouse'}",False,1719144000000,1719151200000,"{'yuanNum': '138', 'centNum': '', 'suffix': '起', 'prefix': '￥'}",1719144000000,['20240623'],False,1,3
SHOW,660ac59c49fcf00001524193,660ac59b78cb9e0001e919aa,【郑州】齐一《生活万岁》2024巡演 郑州站,2024.06.22 20:00,郑州,4101,ONSALE,138.0,https://cdn.ticketmars.com/prod/external/img/20240401/660ac59ba444cf00013c1e80.jpg,60e81d0d83a7d7073ee0986a,7LIVEHOUSE+,"{'code': 19, 'displayName': 'Livehouse', 'name': 'Livehouse'}",False,1719057600000,1719064800000,"{'yuanNum': '138', 'centNum': '', 'suffix': '起', 'prefix': '￥'}",1719057600000,['20240622'],False,1,3
SHOW,6627954b5144d80001792e73,6627954aa98e6800012e7858,【北京】妖言惑粽,2024.06.08 18:30,北京,1101,ONSALE,128.0,https://cdn.ticketmars.com/prod/external/img/20240423/6627954a14295c00017393f7.jpg,622b0ca4d3521e35f4014322,乐空间（北京）,"{'code': 19, 'displayName': 'Livehouse', 'name': 'Livehouse'}",False,1717842600000,1717855200000,"{'yuanNum': '128', 'centNum': '', 'suffix': '起', 'prefix': '￥'}",1717842600000,['20240608'],False,1,3
SHOW,662cbf2daad20400015b4d34,662cbf2c65756900012d3d5e,【沈阳】LACRIMOSA以泪洗面2024《激情》巡演 沈阳站,2024.06.16 20:00,沈阳,2101,ONSALE,380.0,https://cdn.ticketmars.com/prod/external/img/20240427/662cbf2cc05e2e0001c7a1a8.jpg,5e93d296a81bd0738de2a83b,原料库live house（红梅店）,"{'code': 19, 'displayName': 'Livehouse', 'name': 'Livehouse'}",False,1718539200000,1718544600000,"{'yuanNum': '380', 'centNum': '', 'suffix': '起', 'prefix': '￥'}",1718539200000,['20240616'],False,1,5
SHOW,6630c1ae125fc000015dd772,6630c1ad502ecd000185e82d,【北京】「旋风星期四」 玩具头 因否 灰痊  |掘金时代摇滚现场,2024.05.23 19:30,北京,1101,ONSALE,46.0,https://cdn.ticketmars.com/prod/external/img/20240430/6630c1ae6ec4760001baa23f.jpg,603f4d1dd3521e4785dc4c74,东市·OMNI CLUB（北京）,"{'code': 19, 'displayName': 'Livehouse', 'name': 'Livehouse'}",False,1716463800000,1716472800000,"{'yuanNum': '46', 'centNum': '', 'suffix': '起', 'prefix': '￥'}",1716463800000,['20240523'],False,1,3
SHOW,663895aa126e6900012fa772,663895a92857df0001d59d83,【北京】欧美音乐派对 POPMIX 北京站｜Taylor Swift Fan Party 酒水畅饮新专派对,2024.06.22 20:00,北京,1101,ONSALE,99.0,https://cdn.ticketmars.com/prod/external/img/20240506/663895a9fa2234000194609d.jpg,640819d33d195a00013bab46,福浪Live House-福,"{'code': 19, 'displayName': 'Livehouse', 'name': 'Livehouse'}",False,1719057600000,1719068400000,"{'yuanNum': '99', 'centNum': '', 'suffix': '起', 'prefix': '￥'}",1719057600000,['20240622'],False,1,4
SHOW,660934d40a7fad000194acc7,660934d43aefd50001903755,【沈阳】浅水ShallowEnd巡演2024CHINA TOUR「来世」沈阳站,2024.08.03 19:30,沈阳,2101,ONSALE,79.0,https://cdn.ticketmars.com/prod/external/img/20240331/660934d4a444cf0001016e32.jpg,63b787d81e97d600010ca110,原料库VastFactory（大悦城店）,"{'code': 19, 'displayName': 'Livehouse', 'name': 'Livehouse'}",False,1722684600000,1722693600000,"{'yuanNum': '79', 'centNum': '', 'suffix': '起', 'prefix': '￥'}",1722684600000,['20240803'],False,1,3
SHOW,66266e064138080001d44749,66266e055cee7b0001141325,【大同】浅水ShallowEnd巡演2024CHINA TOUR「来世」大同站,2024.07.13 20:00,大同,1402,ONSALE,79.0,https://cdn.ticketmars.com/prod/external/img/20240422/66266e066ec47600016529eb.jpg,64d993321d3a5d00013ed255,草木声 Livehouse,"{'code': 19, 'displayName': 'Livehouse', 'name': 'Livehouse'}",False,1720872000000,1720881000000,"{'yuanNum': '79', 'centNum': '', 'suffix': '起', 'prefix': '￥'}",1720872000000,['20240713'],False,1,3
SHOW,6639a7d5a9ea350001e38d5a,6639a7d53968550001511c62,【北京】6月8日 北京站｜2024小林信一吉他演奏会,2024.06.08 20:00,北京,1101,ONSALE,180.0,https://cdn.ticketmars.com/prod/external/img/20240507/6639a7c5a192bc0001412284.jpg,640819d33d195a00013bab46,福浪Live House-福,"{'code': 19, 'displayName': 'Livehouse', 'name': 'Livehouse'}",False,1717848000000,1717855200000,"{'yuanNum': '180', 'centNum': '', 'suffix': '起', 'prefix': '￥'}",1717848000000,['20240608'],False,1,3
SHOW,6412e2375ed8a50001a5b426,6412e237e8547d000145bb44,【长春】郭旭2023向着光生长巡演 长春站,2023.04.24 19:30,长春,2201,DELAY,120.0,https://bg.piaoxingqiu.cn/image/prod/20230316_63/16789591521357082.jpg,5c874963908c38729559b49b,音浪livehouse,"{'code': 19, 'displayName': 'Livehouse', 'name': 'Livehouse'}",False,1682335800000,1682343059000,"{'yuanNum': '120', 'centNum': '', 'suffix': '起', 'prefix': '￥'}",1682335800000,['20230424'],False,1,2
SHOW,6639e37dccba2700019f487d,6639e278a9ea350001ea6e7d,【北京】5.17 「致敬爵士经典」石喻吉传统爵士四重奏,2024.05.17 20:00,北京,1101,ONSALE,160.0,https://cdn.ticketmars.com/image/prod/20240507_98/17150695790499782.jpg,585a2ab60cf2477fb36e1f96,Blue Note Beijing,"{'code': 19, 'displayName': 'Livehouse', 'name': 'Livehouse'}",False,1715947200000,1715952600000,"{'yuanNum': '160', 'centNum': '', 'suffix': '', 'prefix': '￥'}",1715947200000,['20240517'],False,1,1
SHOW,660ac59949fcf00001524106,660ac59878cb9e0001e9199a,【沈阳】齐一《生活万岁》2024巡演 沈阳站,2024.06.09 20:00,沈阳,2101,ONSALE,138.0,https://cdn.ticketmars.com/prod/external/img/20240401/660ac599b486c90001fe7ad9.jpg,5d89d1ee595b756da299e513,美帝奇 x 1905Livehouse,"{'code': 19, 'displayName': 'Livehouse', 'name': 'Livehouse'}",False,1717934400000,1717941600000,"{'yuanNum': '138', 'centNum': '', 'suffix': '起', 'prefix': '￥'}",1717934400000,['20240609'],False,1,3
SHOW,660934d6fceb5b00010949bc,660934d53aefd5000190375f,【大连】浅水ShallowEnd巡演2024CHINA TOUR「来世」大连站,2024.08.04 20:00,大连,2102,ONSALE,79.0,https://cdn.ticketmars.com/prod/external/img/20240331/660934d56121320001bf1bd0.jpg,616662b3908c383ac9d17416,赫兹空间（佳兆业店）,"{'code': 19, 'displayName': 'Livehouse', 'name': 'Livehouse'}",False,1722772800000,1722781800000,"{'yuanNum': '79', 'centNum': '', 'suffix': '起', 'prefix': '￥'}",1722772800000,['20240804'],False,1,3
SHOW,6639aed40d16940001a7e090,6639aed32143ba00010c800b,【北京】雾也至 16层 北京沉浸双专场 “ 拨云见雾 终是你 ”,2024.05.25 19:30,北京,1101,ONSALE,88.0,https://cdn.ticketmars.com/prod/external/img/20240507/6639aed3a192bc000141ff85.jpg,622b0ca4d3521e35f4014322,乐空间（北京）,"{'code': 19, 'displayName': 'Livehouse', 'name': 'Livehouse'}",False,1716636600000,1716645600000,"{'yuanNum': '88', 'centNum': '', 'suffix': '起', 'prefix': '￥'}",1716636600000,['20240525'],False,1,4
SHOW,661e53d4aad2040001ae6432,661e53d29dec0f0001aec3c5,【石家庄】浅水ShallowEnd巡演2024CHINA TOUR「来世」石家庄站,2024.07.20 20:00,石家庄,1301,ONSALE,79.0,https://cdn.ticketmars.com/prod/external/img/20240416/661e53d30be8c00001a7e069.jpg,5c248cb0908c386b4c1968fe,仙丹livehouse,"{'code': 19, 'displayName': 'Livehouse', 'name': 'Livehouse'}",False,1721476800000,1721485800000,"{'yuanNum': '79', 'centNum': '', 'suffix': '起', 'prefix': '￥'}",1721476800000,['20240720'],False,1,3
SHOW,65f423f68027fb000174097d,65f423f66221bd0001745cb0,【沈阳】沉舟乐队【野风入夜】2024巡演 沈阳站,2024.05.17 20:00,沈阳,2101,ONSALE,98.0,https://cdn.ticketmars.com/prod/external/img/20240315/65f423d5ba3a760001077c82.jpg,63b787d81e97d600010ca110,原料库VastFactory（大悦城店）,"{'code': 19, 'displayName': 'Livehouse', 'name': 'Livehouse'}",False,1715947200000,1715953200000,"{'yuanNum': '98', 'centNum': '', 'suffix': '起', 'prefix': '￥'}",1715947200000,['20240517'],False,1,3
SHOW,6622090d20a8020001a7189a,6622090bbbb286000195f752,【北京】【6月17日】昨日的聚会——惘闻25周年 巡演 北京站,2024.06.17 20:00,北京,1101,ONSALE,160.0,https://cdn.ticketmars.com/prod/external/img/20240419/6622090c9eb2a4000142d452.jpg,640819d33d195a00013bab46,福浪Live House-福,"{'code': 19, 'displayName': 'Livehouse', 'name': 'Livehouse'}",False,1718625600000,1718632800000,"{'yuanNum': '160', 'centNum': '', 'suffix': '起', 'prefix': '￥'}",1718625600000,['20240617'],False,1,3
SHOW,6622090faad20400012d00ee,6622090ebbb286000195f75a,【北京】【6月18日】昨日的聚会——惘闻25周年 巡演 北京站,2024.06.18 20:00,北京,1101,ONSALE,160.0,https://cdn.ticketmars.com/prod/external/img/20240419/6622090c9eb2a4000142d452.jpg,640819d33d195a00013bab46,福浪Live House-福,"{'code': 19, 'displayName': 'Livehouse', 'name': 'Livehouse'}",False,1718712000000,1718719200000,"{'yuanNum': '160', 'centNum': '', 'suffix': '起', 'prefix': '￥'}",1718712000000,['20240618'],False,1,3
SHOW,662602534138080001c78d2f,662602534138080001c78d2d,【北京】热NOW音乐节·北京,2024.05.25 - 05.26,北京,1101,ONSALE,168.0,https://cdn.ticketmars.com/image/prod/20240508_51/17151674486713698.jpg,66260219a84da500016292d8,北京音乐产业园,"{'code': 18, 'displayName': '音乐节', 'name': 'MusicFestival'}",False,1716616800000,1716728400000,"{'yuanNum': '168', 'centNum': '', 'suffix': '起', 'prefix': '￥'}",1716616800000,"['20240526', '20240525']",False,3,32
SHOW,66274ef3aad2040001ba06d6,66274ef3aad2040001ba06d5,【乌鲁木齐】2024新疆超级草莓音乐节,2024.05.24 - 05.26,乌鲁木齐,6501,PRESALE,298.0,https://cdn.ticketmars.com/image/prod/20240429_66/17143553343356796.png,6627509aa66ba10001b33703,天山明月城P3停车场,"{'code': 18, 'displayName': '音乐节', 'name': 'MusicFestival'}",False,1716535800000,1716737400000,"{'yuanNum': '298', 'centNum': '', 'suffix': '起', 'prefix': '￥'}",1716535800000,"['20240526', '20240525', '20240524']",False,7,16
SHOW,65178be2f77fd50001f9071a,65178be2f77fd50001f90719,【沈阳】2023限定场「海潮宇宙音乐节-沈阳站」,2023.10.14 13:00,沈阳,2101,DELAY,380.0,https://cdn.ticketmars.com/image/prod/20231001_65/16961504499008298.jpg,65178b6848f2180001d3848b,沈阳·沈飞体育场,"{'code': 18, 'displayName': '音乐节', 'name': 'MusicFestival'}",False,1697259600000,1697290200000,"{'yuanNum': '380', 'centNum': '', 'suffix': '起', 'prefix': '￥'}",1697259600000,['20231014'],False,1,3
SHOW,649daac873fffa00011efdfe,649da6987142470001f5ece8,【张家口】2023 虾米xMTA天漠音乐节,2023.08.04 - 08.06,张家口,1307,DELAY,188.0,https://cdn.ticketmars.com/image/prod/20230713_21/16892386792429598.png,57a06b540cf2c3d242704df7,天漠自然风景区,"{'code': 18, 'displayName': '音乐节', 'name': 'MusicFestival'}",False,1691136000000,1691335800000,"{'yuanNum': '188', 'centNum': '', 'suffix': '起', 'prefix': '￥'}",1691136000000,"['20230806', '20230805', '20230804']",False,4,22
SHOW,662f8dc942c8a2000185af7c,662f5411e5443600015ede03,【秦皇岛】招待会 ZHAODAI ON LEAVE 2024,2024.05.31 - 06.02,秦皇岛,1303,ONSALE,358.0,https://cdn.ticketmars.com/prod/external/img/20240429/662f8dc9b20eb90001f26fc3.jpg,5f68167ac756b142f62a4296,北戴河黄金海岸阿那亚社区,"{'code': 18, 'displayName': '音乐节', 'name': 'MusicFestival'}",False,1717131600000,1717333200000,"{'yuanNum': '358', 'centNum': '', 'suffix': '起', 'prefix': '￥'}",1717131600000,['20240531'],False,1,2
SHOW,62b5733be24c3a1673df3fbd,62b5733be24c3a1673df3fba,【哈尔滨】哈尔滨LE潮汐音乐节,2022.07.23 - 07.24,哈尔滨,2301,DELAY,368.0,https://cdn.ticketmars.com/image/prod/20220624_47/16560589004931101.jpg,5d2ebdea595b752003296317,哈尔滨·会展中心体育场,"{'code': 18, 'displayName': '音乐节', 'name': 'MusicFestival'}",False,1658559600000,1658667600000,"{'yuanNum': '368', 'centNum': '', 'suffix': '起', 'prefix': '￥'}",1658559600000,"['20220724', '20220723']",False,3,9
SHOW,649da559c4d525000189e8cf,649d59738a77820001b3c2e8,【张家口】2023 虾米xMTA天漠音乐节(大巴票/露营票/停车票),2023.08.04 - 08.06,张家口,1307,DELAY,50.0,https://cdn.ticketmars.com/image/prod/20230712_69/16891409454843232.jpg,57a06b540cf2c3d242704df7,天漠自然风景区,"{'code': 18, 'displayName': '音乐节', 'name': 'MusicFestival'}",False,1691107200000,1691335800000,"{'yuanNum': '50', 'centNum': '', 'suffix': '起', 'prefix': '￥'}",1691107200000,"['20230806', '20230805', '20230804']",False,8,45
SHOW,64c8c865383d700001d9be6a,64c8c865383d700001d9be69,【沈阳】2023沈阳梅塔特隆电音节,2023.08.25 - 08.28,沈阳,2101,DELAY,168.0,https://cdn.ticketmars.com/image/prod/20230801_20/16908804645191579.jpg,64c78977056236000152a4f8,棋盘山关东影视城,"{'code': 18, 'displayName': '音乐节', 'name': 'MusicFestival'}",False,1692945000000,1693155600000,"{'yuanNum': '168', 'centNum': '', 'suffix': '起', 'prefix': '￥'}",1692945000000,"['20230827', '20230826', '20230825']",False,3,6
SHOW,648957e0b15ea50001e0d04a,648957ddfcc3b600017f8582,【北京】奥森生活—城市森林音乐季第二季,2023.06.22 - 2025.06.23,北京,1101,DELAY,228.0,https://cdn.ticketmars.com/image/prod/20230618_11/16870550046817178.jpg,5d4ba6c04db56f562bff734e,北京奥林匹克森林公园南门露天剧场,"{'code': 18, 'displayName': '音乐节', 'name': 'MusicFestival'}",False,1687417200000,1750682400000,"{'yuanNum': '228', 'centNum': '', 'suffix': '起', 'prefix': '￥'}",1687417200000,"['20250623', '20230622', '20250622']",False,3,7
SHOW,64d9a0e9f4dbe5000131a7b8,64d9a03d0bad4f0001b1e809,【新疆】新疆·昌吉“SKYLINE”天际线音乐节 ,2023.09.09 - 2024.09.10,昌吉,6523,DELAY,289.0,https://bg.piaoxingqiu.cn/image/prod/20230814_97/16919841044815883.jpg,64d99ce80fbe720001ce9abf,昌吉庭州生态绿谷工业遗址公园,"{'code': 18, 'displayName': '音乐节', 'name': 'MusicFestival'}",False,1694235600000,1725980400000,"{'yuanNum': '289', 'centNum': '', 'suffix': '起', 'prefix': '￥'}",1694235600000,"['20240910', '20240909', '20230909']",False,3,7
SHOW,6497fb9203b2d200018d5b53,6497fb8ef267a20001bc3ac5,【长春】2023禧都嘉年华,2023.08.19 - 08.20,长春,2201,DELAY,298.0,https://cdn.ticketmars.com/image/prod/20230704_51/16884721863851498.png,60d1cc71a81bd0770ee56d80,长春奥林匹克公园,"{'code': 18, 'displayName': '音乐节', 'name': 'MusicFestival'}",False,1692424800000,1692540000000,"{'yuanNum': '298', 'centNum': '', 'suffix': '起', 'prefix': '￥'}",1692424800000,"['20230819', '20230820']",False,3,10
SHOW,6621e9b84d74d300018ae6fe,6621e9b84d74d300018ae6fc,【北京】苏打绿二十年一刻演唱会-北京站,2024.06.22 - 06.23,北京,1101,PRESALE,380.0,https://cdn.ticketmars.com/image/prod/20240419_56/17134986035259266.jpg,571dec000cf22ad1941ae0ba,华熙LIVE·五棵松·场馆,"{'code': 17, 'displayName': '演唱会', 'name': 'YanChangHui'}",False,1719054000000,1719145800000,"{'yuanNum': '380', 'centNum': '', 'suffix': '起', 'prefix': '￥'}",1719054000000,"['20240623', '20240622']",False,2,12
SHOW,664486ea80f83500018c9f19,664486ea80f83500018c9f18,【沈阳】黄绮珊「晚霞·不晚」2024巡回演唱会-沈阳站,2024.06.15 19:30,沈阳,2101,PRESALE,380.0,https://cdn.ticketmars.com/image/prod/20240515_54/17157670729584060.jpg,58f498240cf2db0497237826,辽宁体育馆,"{'code': 17, 'displayName': '演唱会', 'name': 'YanChangHui'}",False,1718451000000,1718456400000,"{'yuanNum': '380', 'centNum': '', 'suffix': '起', 'prefix': '￥'}",1718451000000,['20240615'],False,1,5
SHOW,663f25ed2b6b5800016f56c1,663f25ed2b6b5800016f56c0,【北京】房东的猫「世界/青年」2024巡回演唱会-北京站,2024.06.29 19:00,北京,1101,PENDING,380.0,https://cdn.ticketmars.com/image/prod/20240511_66/17154145348025887.jpg,576273800cf2326a5c7e182e,首都体育馆,"{'code': 17, 'displayName': '演唱会', 'name': 'YanChangHui'}",False,1719658800000,1719664200000,"{'yuanNum': '380', 'centNum': '', 'suffix': '起', 'prefix': '￥'}",1719658800000,['20240629'],False,1,6
SHOW,66504cf61d06bc000168206b,66504cf61d06bc000168206a,【石家庄】小沈阳2024《我不！是歌手》巡回演唱会--石家庄站,2024.08.17 20:00,石家庄,1301,PENDING,380.0,https://cdn.ticketmars.com/image/prod/20240524_20/17165386666379424.jpg,592e7aeb0cf29c0d87b17583,石家庄市裕彤国际体育中心,"{'code': 17, 'displayName': '演唱会', 'name': 'YanChangHui'}",False,1723896000000,1723901400000,"{'yuanNum': '380', 'centNum': '', 'suffix': '起', 'prefix': '￥'}",1723896000000,['20240817'],False,1,4
SHOW,664f14a59b79890001cf3f02,664f14a59b79890001cf3f01,【石家庄】2024张韶涵世界巡回演唱会-石家庄站,2024.07.13 19:30,石家庄,1301,PENDING,388.0,https://cdn.ticketmars.com/image/prod/20240523_62/17164587613252313.jpg,5aeff215908c384f15292224,河北奥林匹克体育中心体育场,"{'code': 17, 'displayName': '演唱会', 'name': 'YanChangHui'}",False,1720870200000,1720875600000,"{'yuanNum': '388', 'centNum': '', 'suffix': '起', 'prefix': '￥'}",1720870200000,['20240713'],False,1,7
SHOW,664732c6a863770001a39e5f,664732c6a863770001a39e5e,【北京】邓智伟「在我们陨落之前」音乐会-北京站,2024.06.01 20:00,北京,1101,ONSALE,220.0,https://cdn.ticketmars.com/image/prod/20240517_19/17159421383999889.jpg,599a47170cf20fb2084de421,疆进酒 OMNI SPACE 北京,"{'code': 19, 'displayName': 'Livehouse', 'name': 'Livehouse'}",False,1717243200000,1717248600000,"{'yuanNum': '220', 'centNum': '', 'suffix': '起', 'prefix': '￥'}",1717243200000,['20240601'],False,1,3
SHOW,664b01ad5ff3210001f00ee2,664b01ad5ff3210001f00ee0,【沈阳】2024张惠妹 ASMR MAX巡回演唱会—沈阳站,2024.10.12 19:30,沈阳,2101,PENDING,380.0,https://cdn.ticketmars.com/image/prod/20240520_42/17161917603543970.png,5795b4ea0cf23c5f5143cd85,沈阳奥林匹克体育中心—体育场,"{'code': 17, 'displayName': '演唱会', 'name': 'YanChangHui'}",False,1728732600000,1728738000000,"{'yuanNum': '380', 'centNum': '', 'suffix': '起', 'prefix': '￥'}",1728732600000,['20241012'],False,1,6
SHOW,6655942e49a1ff000113019a,6655942e49a1ff0001130199,【郑州】仰韶彩陶坊呈现 张学友60+巡回演唱会 郑州站,2024.06.21 - 06.23,郑州,4101,PENDING,480.0,https://cdn.ticketmars.com/image/prod/20240528_93/17168897875356308.png,5db29c66c756b12cf117c694,郑州奥林匹克体育中心体育馆,"{'code': 17, 'displayName': '演唱会', 'name': 'YanChangHui'}",False,1718969400000,1719147600000,"{'yuanNum': '480', 'centNum': '', 'suffix': '起', 'prefix': '￥'}",1718969400000,"['20240623', '20240622', '20240621']",False,3,18
SHOW,664321a67685510001f3a222,664321a5d03e670001f307e4,【北京】【加场 6月19日】昨日的聚会——惘闻25周年 巡演 北京站,2024.06.19 20:00,北京,1101,ONSALE,220.0,https://cdn.ticketmars.com/prod/external/img/20240514/664321a5b9a77b000110a49a.jpg,640819d33d195a00013bab46,福浪Live House-福,"{'code': 19, 'displayName': 'Livehouse', 'name': 'Livehouse'}",False,1718798400000,1718805600000,"{'yuanNum': '220', 'centNum': '', 'suffix': '', 'prefix': '￥'}",1718798400000,['20240619'],False,1,1
SHOW,6641c2158b9401000168d4a7,6641c215e6a298000122af8a,【沈阳】扭曲机器2024复兴之路沈阳专场演出,2024.06.21 20:00,沈阳,2101,ONSALE,150.0,https://cdn.ticketmars.com/prod/external/img/20240513/6641c215b9a77b0001dfe792.jpg,63b787d81e97d600010ca110,原料库VastFactory（大悦城店）,"{'code': 19, 'displayName': 'Livehouse', 'name': 'Livehouse'}",False,1718971200000,1718982000000,"{'yuanNum': '150', 'centNum': '', 'suffix': '起', 'prefix': '￥'}",1718971200000,['20240621'],False,1,3
SHOW,6639c3f62b16d40001d833a8,6639c3f55087e600018d0ff7,【北京】浪漫先行,2024.06.09 19:30,北京,1101,ONSALE,98.0,https://cdn.ticketmars.com/prod/external/img/20240507/6639c3f5d51b74000154de2c.jpg,60d9a6bdc756b12d0539f037,北京 想象空间,"{'code': 19, 'displayName': 'Livehouse', 'name': 'Livehouse'}",False,1717932600000,1717945200000,"{'yuanNum': '98', 'centNum': '', 'suffix': '起', 'prefix': '￥'}",1717932600000,['20240609'],False,1,3
SHOW,664867c2ddfc81000127c248,664867c1b1a7b80001a71ef6,【北京】发条月亮【天体引力】2024巡演 北京站,2024.08.03 19:30,北京,1101,ONSALE,118.0,https://cdn.ticketmars.com/prod/external/img/20240518/664867c2b9a77b0001d81cf8.jpg,599a47170cf20fb2084de421,疆进酒 OMNI SPACE 北京,"{'code': 19, 'displayName': 'Livehouse', 'name': 'Livehouse'}",False,1722684600000,1722693659000,"{'yuanNum': '118', 'centNum': '', 'suffix': '起', 'prefix': '￥'}",1722684600000,['20240803'],False,1,4
SHOW,663c5fed25bfc3000163cb15,663c5fec52babc00014df815,【北京】Cory Wong 2024北京专场,2024.06.09 20:30,北京,1101,ONSALE,480.0,https://cdn.ticketmars.com/prod/external/img/20240509/663c5fec50bdc00001bb312e.jpg,640819d33d195a00013bab46,福浪Live House-福,"{'code': 19, 'displayName': 'Livehouse', 'name': 'Livehouse'}",False,1717936200000,1717941600000,"{'yuanNum': '480', 'centNum': '', 'suffix': '起', 'prefix': '￥'}",1717936200000,['20240609'],False,1,3
SHOW,664ebfdd6248310001d44a4e,664ebfdd803b5800015c69e5,【北京】【秀动呈献】加拿大独立/复古流行乐团 JORDANN 巡演 北京站,2024.06.18 20:00,北京,1101,ONSALE,140.0,https://cdn.ticketmars.com/prod/external/img/20240523/664ebfd12d593a00017f97d2.jpg,622b0ca4d3521e35f4014322,乐空间（北京）,"{'code': 19, 'displayName': 'Livehouse', 'name': 'Livehouse'}",False,1718712000000,1718719200000,"{'yuanNum': '140', 'centNum': '', 'suffix': '起', 'prefix': '￥'}",1718712000000,['20240618'],False,1,3
SHOW,66501f63fdc1b70001cc5c94,66501f638a9b8b0001844cae,【北京】LACRIMOSA以泪洗面2024《激情》巡演 北京站,2024.06.13 20:00,北京,1101,ONSALE,380.0,https://cdn.ticketmars.com/prod/external/img/20240524/66501f630e636000018062c6.jpg,599a47170cf20fb2084de421,疆进酒 OMNI SPACE 北京,"{'code': 19, 'displayName': 'Livehouse', 'name': 'Livehouse'}",False,1718280000000,1718285400000,"{'yuanNum': '380', 'centNum': '', 'suffix': '起', 'prefix': '￥'}",1718280000000,['20240613'],False,1,5
SHOW,665060ffddfc81000135006d,665060ffddfc81000135006c,【北京】致敬BEYOND《真的爱你》·黄家驹31周年金曲演唱会,2024.06.29 19:30,北京,1101,ONSALE,63.0,https://cdn.ticketmars.com/image/prod/20240524_42/17165437943581506.png,5928f8b30cf29c0d87aee01e,华侨城大剧院（北京）,"{'code': 17, 'displayName': '演唱会', 'name': 'YanChangHui'}",False,1719660600000,1719666000000,"{'yuanNum': '63', 'centNum': '', 'suffix': '起', 'prefix': '￥'}",1719660600000,['20240629'],False,1,9
SHOW,6642d443aa8301000108ff71,6642d442909a2400017ec895,【石家庄】【2024PACT派克特Section90巡演】石家庄站,2024.06.08 20:00,石家庄,1301,ONSALE,158.0,https://cdn.ticketmars.com/prod/external/img/20240514/6642d442c6c0e4000126f76c.jpg,58ed9a270cf2d0f4b41c09d7,红糖 Livehouse（石家庄）,"{'code': 19, 'displayName': 'Livehouse', 'name': 'Livehouse'}",False,1717848000000,1717855259000,"{'yuanNum': '158', 'centNum': '', 'suffix': '起', 'prefix': '￥'}",1717848000000,['20240608'],False,1,3
SHOW,6644830d30364d0001862c4e,6644830829bf710001c3ede2,【北京】【爱乐汇】夏日JAZZ「Wes Montgomery Tribute」“慵懒”一夏——爵士Live House,2024.06.28 19:30,北京,1101,ONSALE,280.0,https://cdn.ticketmars.com/prod/external/img/20240515/66448309b9a77b0001430a18.jpg,651e766ac6347d00015cf7b6,三里屯·爱乐汇艺术空间-D3现场（Live&Bar）,"{'code': 19, 'displayName': 'Livehouse', 'name': 'Livehouse'}",False,1719574200000,1719579600000,"{'yuanNum': '280', 'centNum': '', 'suffix': '', 'prefix': '￥'}",1719574200000,['20240628'],False,1,1
SHOW,664763801b4d9a00018be162,6647638029bf7100016916a4,【北京】新加坡后摇名团PAINT THE SKY RED解散告别巡演北京站,2024.06.16 20:30,北京,1101,ONSALE,160.0,https://cdn.ticketmars.com/prod/external/img/20240517/664763732d593a00017ab5f5.jpg,622b0ca4d3521e35f4014322,乐空间（北京）,"{'code': 19, 'displayName': 'Livehouse', 'name': 'Livehouse'}",False,1718541000000,1718548800000,"{'yuanNum': '160', 'centNum': '', 'suffix': '起', 'prefix': '￥'}",1718541000000,['20240616'],False,1,3
SHOW,664ef1351d06bc000138f790,664ef134e2f84600011c240b,【北京】司南 2024「出发」个人巡演-北京站,2024.07.27 19:30,北京,1101,ONSALE,299.0,https://cdn.ticketmars.com/prod/external/img/20240523/664ef1342d593a00018769c2.jpg,640819d33d195a00013bab46,福浪Live House-福,"{'code': 19, 'displayName': 'Livehouse', 'name': 'Livehouse'}",False,1722079800000,1722087000000,"{'yuanNum': '299', 'centNum': '', 'suffix': '', 'prefix': '￥'}",1722079800000,['20240727'],False,1,2
SHOW,66470106fdc1b70001a1c858,66470105111a130001ff32f1,【北京】Föllakzoid 2024巡演 北京站,2024.06.07 19:00,北京,1101,ONSALE,180.0,https://cdn.ticketmars.com/prod/external/img/20240517/66470105c6c0e40001c15e6a.jpg,622b0ca4d3521e35f4014322,乐空间（北京）,"{'code': 19, 'displayName': 'Livehouse', 'name': 'Livehouse'}",False,1717758000000,1717767000000,"{'yuanNum': '180', 'centNum': '', 'suffix': '起', 'prefix': '￥'}",1717758000000,['20240607'],False,1,2
SHOW,664dbfd6fdc1b700017ac680,664da543d53a76000135343e,【北京】 | 6.7 「端午时间」图灵⾳乐实验室TML《流沙龙》音乐会,2024.06.07 20:00,北京,1101,ONSALE,260.0,https://cdn.ticketmars.com/image/prod/20240522_84/17163646249856018.png,585a2ab60cf2477fb36e1f96,Blue Note Beijing,"{'code': 19, 'displayName': 'Livehouse', 'name': 'Livehouse'}",False,1717761600000,1717767000000,"{'yuanNum': '260', 'centNum': '', 'suffix': '', 'prefix': '￥'}",1717761600000,['20240607'],False,1,1
SHOW,663de2a005cd180001621b95,663de29f7db4af0001bedd3e,【北京】爱莲说·盛世音乐季 说唱燃舞台,2024.05.30 19:30,北京,1101,ONSALE,29.0,https://cdn.ticketmars.com/image/prod/20240514_47/17156676598125569.jpg,580485680cf28631977d3d8e,Mao Livehouse （北京）,"{'code': 19, 'displayName': 'Livehouse', 'name': 'Livehouse'}",False,1717068600000,1717077600000,"{'yuanNum': '29', 'centNum': '', 'suffix': '起', 'prefix': '￥'}",1717068600000,['20240530'],False,1,4
SHOW,664f0ac9d53a7600016828b9,664f079a9b79890001cd27c9,【北京 】| 6.12-13 「Sparkling Gem」95后爵士精灵Andrea Motis，感受美貌与音乐的双重魅力,2024.06.12 - 06.13,北京,1101,ONSALE,320.0,https://cdn.ticketmars.com/image/prod/20240523_58/17164554168146822.png,585a2ab60cf2477fb36e1f96,Blue Note Beijing,"{'code': 19, 'displayName': 'Livehouse', 'name': 'Livehouse'}",False,1718193600000,1718285400000,"{'yuanNum': '320', 'centNum': '', 'suffix': '', 'prefix': '￥'}",1718193600000,"['20240613', '20240612']",False,2,2
SHOW,664dd7d1d53a7600013e6bd2,664dd7d03c68fc0001910587,【郑州】【网上邻居x第三极】专场-郑州站,2024.06.16 20:00,郑州,4101,ONSALE,168.0,https://cdn.ticketmars.com/prod/external/img/20240522/664dd7c2c6c0e40001b6add0.jpg,60e81d0d83a7d7073ee0986a,7LIVEHOUSE+,"{'code': 19, 'displayName': 'Livehouse', 'name': 'Livehouse'}",False,1718539200000,1718546400000,"{'yuanNum': '168', 'centNum': '', 'suffix': '起', 'prefix': '￥'}",1718539200000,['20240616'],False,1,3
SHOW,66482b189b79890001e74764,6648282bfdc1b70001c1cbbb,【北京】 | 6.2  「Balades Éphémères爵士漫步」，转瞬即逝的音乐只在今夜,2024.06.02 20:00,北京,1101,ONSALE,180.0,https://cdn.ticketmars.com/image/prod/20240518_47/17160053436913993.jpg,585a2ab60cf2477fb36e1f96,Blue Note Beijing,"{'code': 19, 'displayName': 'Livehouse', 'name': 'Livehouse'}",False,1717329600000,1717335000000,"{'yuanNum': '180', 'centNum': '', 'suffix': '', 'prefix': '￥'}",1717329600000,['20240602'],False,1,1
SHOW,664ef10cfdc1b70001a48c0d,664ef10be2f84600011c2342,【北京】【秀动呈献】李浩玮 Howard Lee【Fly Machine飞行机】巡回演唱会 北京站,2024.06.14 20:00,北京,1101,ONSALE,88.0,https://cdn.ticketmars.com/prod/external/img/20240523/664ef10c2d593a00018765ba.jpg,622b0ca4d3521e35f4014322,乐空间（北京）,"{'code': 19, 'displayName': 'Livehouse', 'name': 'Livehouse'}",False,1718366400000,1718373600000,"{'yuanNum': '88', 'centNum': '', 'suffix': '起', 'prefix': '￥'}",1718366400000,['20240614'],False,1,5
SHOW,6641e1b18b940100016d5625,6641e1b18b940100016d5624,【长春】2024青岛纯生.长春禧都音乐节,2024.06.29 - 06.30,长春,2201,PRESALE,228.0,https://cdn.ticketmars.com/image/prod/20240513_48/17155938013922510.jpg,6641e20fa84da5000159c6be,长春奥林匹克公园东侧停车场,"{'code': 18, 'displayName': '音乐节', 'name': 'MusicFestival'}",False,1719635400000,1719754200000,"{'yuanNum': '228', 'centNum': '', 'suffix': '起', 'prefix': '￥'}",1719635400000,"['20240629', '20240630']",False,3,12
SHOW,664c6e079b798900016a68d5,664c6e079b798900016a68d4,【大同】如梦·云SKY大同音乐节,2024.07.27 - 07.28,大同,1402,PRESALE,229.0,https://cdn.ticketmars.com/image/prod/20240521_58/17162850491396739.jpg,664c6e36a84da5000159e2d4,大同市南六庄机场（通用航空产业园区）,"{'code': 18, 'displayName': '音乐节', 'name': 'MusicFestival'}",False,1722060000000,1722175200000,"{'yuanNum': '229', 'centNum': '', 'suffix': '起', 'prefix': '￥'}",1722060000000,"['20240728', '20240727']",False,3,11
SHOW,6655b9b19b79890001c382ca,6655b9ab3c68fc0001e956d8,【北京】福浪特别呈现 「见山 见海 见雾」第三弹！,2024.05.31 20:00,北京,1101,ONSALE,1.0,https://cdn.ticketmars.com/prod/external/img/20240528/6655b9ace8475500010ea847.jpg,65016155a26b47000101a531,福浪Live House-浪,"{'code': 19, 'displayName': 'Livehouse', 'name': 'Livehouse'}",False,1717156800000,1717169400000,"{'yuanNum': '1', 'centNum': '', 'suffix': '起', 'prefix': '￥'}",1717156800000,['20240531'],False,1,6
SHOW,66555e7ad53a760001481fcc,66555e79a39a480001a571f0,【北京】欧美CN北京站 ｜ Taylor Swift 专场,2024.07.13 20:00,北京,1101,ONSALE,68.0,https://cdn.ticketmars.com/prod/external/img/20240528/66555e7ac6c0e40001d68536.jpg,60d9a6bdc756b12d0539f037,北京 想象空间,"{'code': 19, 'displayName': 'Livehouse', 'name': 'Livehouse'}",False,1720872000000,1720882800000,"{'yuanNum': '68', 'centNum': '', 'suffix': '起', 'prefix': '￥'}",1720872000000,['20240713'],False,1,3
SHOW,66555e78ddfc810001e63330,66555e77a39a480001a571e1,【北京】欧美CN北京站 ｜ 欧美流行音乐派对,2024.07.12 20:00,北京,1101,ONSALE,68.0,https://cdn.ticketmars.com/prod/external/img/20240528/66555e7750bdc000014d01f6.jpg,60d9a6bdc756b12d0539f037,北京 想象空间,"{'code': 19, 'displayName': 'Livehouse', 'name': 'Livehouse'}",False,1720785600000,1720796400000,"{'yuanNum': '68', 'centNum': '', 'suffix': '起', 'prefix': '￥'}",1720785600000,['20240712'],False,1,3
SHOW,6655655f6248310001c3b935,6655655e95914e0001f3b667,"【北京】【秀动呈献】""Second Date"" - 卧室/复古流行新星Josh Fudge首次巡演 北京站",2024.06.13 20:30,北京,1101,ONSALE,120.0,https://cdn.ticketmars.com/prod/external/img/20240528/6655655a8e2a9400010a05e1.jpg,622b0ca4d3521e35f4014322,乐空间（北京）,"{'code': 19, 'displayName': 'Livehouse', 'name': 'Livehouse'}",False,1718281800000,1718287200000,"{'yuanNum': '120', 'centNum': '', 'suffix': '起', 'prefix': '￥'}",1718281800000,['20240613'],False,1,2
SHOW,665428e91d06bc0001efbdb5,665428e7803b58000173e113,【北京】高校说唱毕业专场,2024.06.02 19:30,北京,1101,ONSALE,45.0,https://cdn.ticketmars.com/prod/external/img/20240527/665428e70e636000012542ae.jpg,60d9a6bdc756b12d0539f037,北京 想象空间,"{'code': 19, 'displayName': 'Livehouse', 'name': 'Livehouse'}",False,1717327800000,1717338600000,"{'yuanNum': '45', 'centNum': '', 'suffix': '起', 'prefix': '￥'}",1717327800000,['20240602'],False,1,3
SHOW,66581ad21d06bc0001853134,665818df6a025300014d427e,【郑州】奇迹の闪耀巡回动漫演唱会,2024.09.15 19:30,郑州,4101,ONSALE,69.0,https://cdn.ticketmars.com/image/prod/20240530_20/17170496623035947.jpg,60e81d0d83a7d7073ee0986a,7LIVEHOUSE+,"{'code': 17, 'displayName': '演唱会', 'name': 'YanChangHui'}",False,1726399800000,1726407000000,"{'yuanNum': '69', 'centNum': '', 'suffix': '起', 'prefix': '￥'}",1726399800000,['20240915'],False,1,4
SHOW,66581eb41d06bc000185c9a3,66581eb41d06bc000185c9a1,【北京】小沈阳2024《我不！是歌手》巡回演唱会--北京站,2024.10.19 19:30,北京,1101,PENDING,380.0,https://cdn.ticketmars.com/image/prod/20240530_98/17170511516486151.jpg,571dec000cf22ad1941ae0ba,华熙LIVE·五棵松·场馆,"{'code': 17, 'displayName': '演唱会', 'name': 'YanChangHui'}",False,1729337400000,1729342800000,"{'yuanNum': '380', 'centNum': '', 'suffix': '起', 'prefix': '￥'}",1729337400000,['20241019'],False,1,5
SHOW,6650722d1d06bc0001700bcd,6650714c49a1ff000157a408,北京 | 6.8 & 6.9「TANGO AMOR 探戈往事」0UR TANGO 乐团音乐会,2024.06.08 - 06.09,北京,1101,ONSALE,280.0,https://cdn.ticketmars.com/image/prod/20240524_87/17165479506751989.jpg,585a2ab60cf2477fb36e1f96,Blue Note Beijing,"{'code': 19, 'displayName': 'Livehouse', 'name': 'Livehouse'}",False,1717848000000,1717939800000,"{'yuanNum': '280', 'centNum': '', 'suffix': '', 'prefix': '￥'}",1717848000000,"['20240609', '20240608']",False,2,2
SHOW,665974a1624831000156e6da,665972eb62483100015699ac,【北京】6.16  BNCJO父亲节特别企划：Song for My Father,2024.06.16 20:00,北京,1101,ONSALE,360.0,https://cdn.ticketmars.com/image/prod/20240531_11/17171384609716708.jpg,585a2ab60cf2477fb36e1f96,Blue Note Beijing,"{'code': 19, 'displayName': 'Livehouse', 'name': 'Livehouse'}",False,1718539200000,1718544600000,"{'yuanNum': '360', 'centNum': '', 'suffix': '起', 'prefix': '￥'}",1718539200000,['20240616'],False,1,2
SHOW,665d63746248310001d569f0,665d63736dd9760001068caa,【北京】威尔Will.T 「Day One」个人巡演 - 北京站,2024.06.15 20:00,北京,1101,ONSALE,288.0,https://cdn.ticketmars.com/prod/external/img/20240603/665d6373c6c0e4000127e7e6.jpg,6464797350257400011fa3b3,East LIVE,"{'code': 19, 'displayName': 'Livehouse', 'name': 'Livehouse'}",False,1718452800000,1718458200000,"{'yuanNum': '288', 'centNum': '', 'suffix': '起', 'prefix': '￥'}",1718452800000,['20240615'],False,1,2
SHOW,665c03f16248310001ab39e6,665c03f05524b70001a3ebc9,【北京】仲夏夜之梦,2024.06.21 19:00,北京,1101,ONSALE,60.0,https://cdn.ticketmars.com/prod/external/img/20240602/665c03f00c01b10001fce9f1.jpg,60d9a6bdc756b12d0539f037,北京 想象空间,"{'code': 19, 'displayName': 'Livehouse', 'name': 'Livehouse'}",False,1718967600000,1718978400000,"{'yuanNum': '60', 'centNum': '', 'suffix': '起', 'prefix': '￥'}",1718967600000,['20240621'],False,1,2
SHOW,665edc211d06bc0001650572,665edc211d06bc0001650571,【银川】2024银川西夏啤酒·星空音乐节,2024.07.19 - 07.21,银川,6401,PENDING,297.0,https://cdn.ticketmars.com/image/prod/20240604_86/17174929512227991.png,60ed03fed3521e75de84a0ac,宁夏西夏啤酒音乐公园,"{'code': 18, 'displayName': '音乐节', 'name': 'MusicFestival'}",False,1721368800000,1721570400000,"{'yuanNum': '297', 'centNum': '', 'suffix': '起', 'prefix': '￥'}",1721368800000,"['20240719', '20240721', '20240720']",False,6,12
SHOW,666004ee95268f00011b46e4,666001a05c3f6300017ece98,【北京】6.21-22 「Back To Basics」欢迎来到Thierry Maillard三重奏的合成器世界,2024.06.21 - 06.22,北京,1101,ONSALE,280.0,https://cdn.ticketmars.com/image/prod/20240605_80/17175679610681159.png,585a2ab60cf2477fb36e1f96,Blue Note Beijing,"{'code': 19, 'displayName': 'Livehouse', 'name': 'Livehouse'}",False,1718971200000,1719063000000,"{'yuanNum': '280', 'centNum': '', 'suffix': '', 'prefix': '￥'}",1718971200000,"['20240622', '20240621']",False,2,2
SHOW,66015e16712d9e0001c03a25,66015e091c7a110001bcc80f,【北京】【爱乐汇】【7折优惠】“四大名著”《三国演义》《水浒传》《西游记》《红楼梦》交响演唱会,2024.07.26 19:30,北京,1101,ONSALE,180.0,https://cdn.ticketmars.com/prod/external/img/20240325/66015e14725e700001469c33.jpg,577cbe2b0cf208ae917f9490,国图艺术中心,"{'code': 17, 'displayName': '演唱会', 'name': 'YanChangHui'}",False,1721993400000,1721998800000,"{'yuanNum': '180', 'centNum': '', 'suffix': '起', 'prefix': '￥'}",1721993400000,['20240726'],False,1,5
SHOW,66604f4a07b7810001b4cf42,66604f4a07b7810001b4cf40,【北京】 Bruno Major Asia Tour 2024-北京站,2024.08.29 20:00,北京,1101,PENDING,430.0,https://cdn.ticketmars.com/image/prod/20240605_74/17175879641252936.jpg,640819d33d195a00013bab46,福浪Live House-福,"{'code': 19, 'displayName': 'Livehouse', 'name': 'Livehouse'}",False,1724932800000,1724938200000,"{'yuanNum': '430', 'centNum': '', 'suffix': '起', 'prefix': '￥'}",1724932800000,['20240829'],False,1,2
SHOW,65f90955a131ba0001017dfc,65f909525644530001c140eb,【北京】【爱乐汇】【5折】「酒吧戏剧&经典戏剧GALA」《日出》《玩偶之家》《一个陌生女人的来信》独白之夜,2024.06.10 - 06.27,北京,1101,ONSALE,158.0,https://cdn.ticketmars.com/prod/external/img/20240319/65f9095464c80a0001da426a.jpg,651e766ac6347d00015cf7b6,三里屯·爱乐汇艺术空间-D3现场（Live&Bar）,"{'code': 19, 'displayName': 'Livehouse', 'name': 'Livehouse'}",False,1718019000000,1719492300000,"{'yuanNum': '158', 'centNum': '', 'suffix': '起', 'prefix': '￥'}",1718019000000,"['20240627', '20240623', '20240610']",False,3,6
SHOW,66616eeacf4d4400012ddf0c,66616dcba356a100010e9f4d,【沈阳】跨越二次元ACG神级动漫演唱会世界巡演——沈阳站,2024.08.10 15:30,沈阳,2101,ONSALE,60.0,https://cdn.ticketmars.com/image/prod/20240606_91/17176611685435744.jpg,5a93a721e4b0c500c14b1645,沈阳南风大剧院,"{'code': 17, 'displayName': '演唱会', 'name': 'YanChangHui'}",False,1723275000000,1723281000000,"{'yuanNum': '60', 'centNum': '', 'suffix': '起', 'prefix': '￥'}",1723275000000,['20240810'],False,1,11
SHOW,665e9ffd6248310001ffe7af,665e9ffc2ef667000162427d,【北京】另类民谣/实验乐队｜守誓剑2024新专辑「虚无体验」首发专场-北京站,2024.07.18 20:30,北京,1101,ONSALE,60.0,https://cdn.ticketmars.com/image/prod/20240606_54/17176487558262502.jpg,622b0ca4d3521e35f4014322,乐空间（北京）,"{'code': 19, 'displayName': 'Livehouse', 'name': 'Livehouse'}",False,1721305800000,1721311200000,"{'yuanNum': '60', 'centNum': '', 'suffix': '起', 'prefix': '￥'}",1721305800000,['20240718'],False,1,4
SHOW,665eb5126a0253000127d16b,665eb511af43b60001b46f89,"【北京】【秀动x掌乐无限联合呈献】""I See You"" - 美国独立摇滚乐队MISSIO首次巡演 北京站",2024.07.05 20:30,北京,1101,ONSALE,160.0,https://cdn.ticketmars.com/image/prod/20240606_45/17176490075888850.png,599a47170cf20fb2084de421,疆进酒 OMNI SPACE 北京,"{'code': 19, 'displayName': 'Livehouse', 'name': 'Livehouse'}",False,1720182600000,1720188000000,"{'yuanNum': '160', 'centNum': '', 'suffix': '起', 'prefix': '￥'}",1720182600000,['20240705'],False,1,3
SHOW,666112fe07b7810001cd6005,6661111507b7810001cd136b,【北京】6.30 “层峦之音”从山谷到世界，钢琴与吉他的浪漫诠释,2024.06.30 20:00,北京,1101,ONSALE,220.0,https://cdn.ticketmars.com/image/prod/20240606_47/17176374350081901.png,585a2ab60cf2477fb36e1f96,Blue Note Beijing,"{'code': 19, 'displayName': 'Livehouse', 'name': 'Livehouse'}",False,1719748800000,1719754200000,"{'yuanNum': '220', 'centNum': '', 'suffix': '', 'prefix': '￥'}",1719748800000,['20240630'],False,1,1
SHOW,665ee660624831000109f71a,665ee6606dd9760001b1450a,【郑州】MOJOHAND十周年巡演 郑州站,2024.08.09 20:00,郑州,4101,ONSALE,120.0,https://cdn.ticketmars.com/prod/external/img/20240604/665ee659b9a77b00014a0cc6.jpg,60e81d0d83a7d7073ee0986a,7LIVEHOUSE+,"{'code': 19, 'displayName': 'Livehouse', 'name': 'Livehouse'}",False,1723204800000,1723210259000,"{'yuanNum': '120', 'centNum': '', 'suffix': '起', 'prefix': '￥'}",1723204800000,['20240809'],False,1,2
SHOW,6661357f95268f000146582b,665405cd95914e0001a14789,【北京】北京 · 胡宇桐 2024 个人首唱会,2024.06.15 - 06.16,北京,1101,ONSALE,580.0,https://cdn.ticketmars.com/prod/external/img/20240606/6661357e6600580001926b2c.jpg,57835d380cf2dfd8922d6773,M空间（M Space）,"{'code': 17, 'displayName': '演唱会', 'name': 'YanChangHui'}",False,1718451000000,1718542800000,"{'yuanNum': '580', 'centNum': '', 'suffix': '起', 'prefix': '￥'}",1718451000000,"['20240616', '20240615']",False,2,8
SHOW,66612fa695268f000145214e,66612fa542acaf00019f8b80,【北京】【爱乐汇】新西兰治愈系民谣歌手Luke Thompson2024中国巡演 KEEP ROLLING ON,2024.07.25 19:30,北京,1101,ONSALE,380.0,https://cdn.ticketmars.com/prod/external/img/20240606/66612fa62f3c750001ff684f.jpg,651e766ac6347d00015cf7b6,三里屯·爱乐汇艺术空间-D3现场（Live&Bar）,"{'code': 19, 'displayName': 'Livehouse', 'name': 'Livehouse'}",False,1721907000000,1721912400000,"{'yuanNum': '380', 'centNum': '', 'suffix': '起', 'prefix': '￥'}",1721907000000,['20240725'],False,1,2
SHOW,665f1790ddfc8100013742be,665f178f5c70150001869a50,【郑州】「不象艺术出品」印子月&坨坨芭乐2024“大事很妙”巡演 郑州站,2024.08.02 20:30,郑州,4101,ONSALE,130.0,https://cdn.ticketmars.com/prod/external/img/20240604/665f178fd51b740001d751dc.jpg,5b600bec908c3816513b884e,7LIVEHOUSE（新通桥店）,"{'code': 19, 'displayName': 'Livehouse', 'name': 'Livehouse'}",False,1722601800000,1722607200000,"{'yuanNum': '130', 'centNum': '', 'suffix': '起', 'prefix': '￥'}",1722601800000,['20240802'],False,1,3
SHOW,6660690695268f00012c1692,66606905f6412f0001824060,【北京】余梓桾X张子薇「雀儿来信」专场·北京站,2024.07.14 20:00,北京,1101,ONSALE,100.0,https://cdn.ticketmars.com/prod/external/img/20240605/6660690502a45b0001470e6d.jpg,622b0ca4d3521e35f4014322,乐空间（北京）,"{'code': 19, 'displayName': 'Livehouse', 'name': 'Livehouse'}",False,1720958400000,1720965600000,"{'yuanNum': '100', 'centNum': '', 'suffix': '起', 'prefix': '￥'}",1720958400000,['20240714'],False,1,4
SHOW,666183d407b7810001e32f58,663f656a97a82d0001b3d0ad,【乌鲁木齐】孟大宝2024《靠近我》城市巡回 乌鲁木齐站,2024.06.22 21:00,乌鲁木齐,6501,ONSALE,100.0,https://cdn.ticketmars.com/image/prod/20240606_30/17176668566007136.png,658402c3e7933e0001c6bb9c,润现场RunLive,"{'code': 19, 'displayName': 'Livehouse', 'name': 'Livehouse'}",False,1719061200000,1719067500000,"{'yuanNum': '100', 'centNum': '', 'suffix': '起', 'prefix': '￥'}",1719061200000,['20240622'],False,1,3
SHOW,665fce5c95268f0001132a6b,665fce5a56a8db00011b5daf,【北京】「me!t」 阵雨电台&当第一道裂缝出现时我所见到的～twoman live～,2024.07.20 12:30,北京,1101,ONSALE,98.0,https://cdn.ticketmars.com/prod/external/img/20240605/665fce5b9786f70001db9daf.jpg,60d9a6bdc756b12d0539f037,北京 想象空间,"{'code': 19, 'displayName': 'Livehouse', 'name': 'Livehouse'}",False,1721449800000,1721462400000,"{'yuanNum': '98', 'centNum': '', 'suffix': '起', 'prefix': '￥'}",1721449800000,['20240720'],False,1,2
SHOW,666159e0a1bf540001922499,666158f295268f00014dd081,【北京】6.28 「Siempre más allá 无限超越」法国爵士钢琴黑马Adrien Brandeis的探索与征服之旅,2024.06.28 20:00,北京,1101,ONSALE,180.0,https://cdn.ticketmars.com/image/prod/20240606_33/17176558072797136.png,585a2ab60cf2477fb36e1f96,Blue Note Beijing,"{'code': 19, 'displayName': 'Livehouse', 'name': 'Livehouse'}",False,1719576000000,1719581400000,"{'yuanNum': '180', 'centNum': '', 'suffix': '', 'prefix': '￥'}",1719576000000,['20240628'],False,1,1
SHOW,665d7f91d53a76000162894c,665d7ca7d53a760001620145,【北京】6.14 「Jazz And Avant Garde」先锋爵士之夜—— 苏绍南四重奏,2024.06.14 20:00,北京,1101,ONSALE,180.0,https://cdn.ticketmars.com/image/prod/20240603_49/17174034519521570.png,585a2ab60cf2477fb36e1f96,Blue Note Beijing,"{'code': 19, 'displayName': 'Livehouse', 'name': 'Livehouse'}",False,1718366400000,1718371800000,"{'yuanNum': '180', 'centNum': '', 'suffix': '', 'prefix': '￥'}",1718366400000,['20240614'],False,1,1
SHOW,666150e246e2680001f916f2,666150e1f6412f000178e1a0,【北京】Galaxy Reception Live 星遇现场 Vol.11 in 北京 × 万千生日SP,2024.06.10 10:45,北京,1101,ONSALE,108.0,https://cdn.ticketmars.com/prod/external/img/20240606/666150e1a0e1060001995989.jpg,60d9a6bdc756b12d0539f037,北京 想象空间,"{'code': 19, 'displayName': 'Livehouse', 'name': 'Livehouse'}",False,1717987500000,1718006100000,"{'yuanNum': '108', 'centNum': '', 'suffix': '起', 'prefix': '￥'}",1717987500000,['20240610'],False,1,2
SHOW,66617b315c3f630001b87779,66617b30b37ef70001100145,【北京】后朋克之声vol.3,2024.06.23 20:00,北京,1101,ONSALE,88.0,https://cdn.ticketmars.com/prod/external/img/20240606/66617b31a1a0df00015aa163.jpg,60d9a6bdc756b12d0539f037,北京 想象空间,"{'code': 19, 'displayName': 'Livehouse', 'name': 'Livehouse'}",False,1719144000000,1719151200000,"{'yuanNum': '88', 'centNum': '', 'suffix': '起', 'prefix': '￥'}",1719144000000,['20240623'],False,1,2
SHOW,66617af35c3f630001b86e20,66617af35c3f630001b86e1e,【兰州】凤凰传奇“吉祥如意”巡回演唱会-兰州站,2024.07.20 - 07.21,兰州,6201,PENDING,380.0,https://cdn.ticketmars.com/image/prod/20240606_20/17176645655539096.jpg,649ff8a3e28b3b00016ee192,兰州奥体中心玫瑰体育场,"{'code': 17, 'displayName': '演唱会', 'name': 'YanChangHui'}",False,1721476800000,1721568600000,"{'yuanNum': '380', 'centNum': '', 'suffix': '起', 'prefix': '￥'}",1721476800000,"['20240721', '20240720']",False,2,12
SHOW,666174725c3f630001b73874,666174725c3f630001b73871,【呼和浩特】凤凰传奇“吉祥如意”巡回演唱会-呼和浩特站,2024.08.16 - 08.17,呼和浩特,1501,PENDING,380.0,https://cdn.ticketmars.com/image/prod/20240606_46/17176629572615997.jpg,5886f3d80cf22b8bb6f7670d,呼和浩特体育场,"{'code': 17, 'displayName': '演唱会', 'name': 'YanChangHui'}",False,1723809600000,1723901400000,"{'yuanNum': '380', 'centNum': '', 'suffix': '起', 'prefix': '￥'}",1723809600000,"['20240817', '20240816']",False,2,12
SHOW,6667c2ad5f7d75000191af57,6667becbb6cf4a0001b6504b,【北京】7.19 「Watch What Happens」Simone Basile三重奏,2024.07.19 20:00,北京,1101,ONSALE,220.0,https://cdn.ticketmars.com/image/prod/20240611_42/17180751126047964.png,585a2ab60cf2477fb36e1f96,Blue Note Beijing,"{'code': 19, 'displayName': 'Livehouse', 'name': 'Livehouse'}",False,1721390400000,1721395800000,"{'yuanNum': '220', 'centNum': '', 'suffix': '', 'prefix': '￥'}",1721390400000,['20240719'],False,1,1
SHOW,6662e09b8d8a1a000150e652,6662dfc9a356a1000146eecd,【北京】 | 7.13 「Infinite Moments」只属于小曾根真的爵士狂想,2024.07.13 20:00,北京,1101,ONSALE,360.0,https://cdn.ticketmars.com/image/prod/20240607_90/17177558680564948.png,585a2ab60cf2477fb36e1f96,Blue Note Beijing,"{'code': 19, 'displayName': 'Livehouse', 'name': 'Livehouse'}",False,1720872000000,1720877400000,"{'yuanNum': '360', 'centNum': '', 'suffix': '', 'prefix': '￥'}",1720872000000,['20240713'],False,1,1
SHOW,6662e67b46e2680001381980,6662e3a8a1bf540001cef91f,【北京】 | 7.14 「Times Like These」只属于小曾根真的爵士狂想,2024.07.14 20:00,北京,1101,ONSALE,320.0,https://cdn.ticketmars.com/image/prod/20240607_78/17177569340215506.png,585a2ab60cf2477fb36e1f96,Blue Note Beijing,"{'code': 19, 'displayName': 'Livehouse', 'name': 'Livehouse'}",False,1720958400000,1720963800000,"{'yuanNum': '320', 'centNum': '', 'suffix': '', 'prefix': '￥'}",1720958400000,['20240714'],False,1,1
SHOW,666a5c5fd503d10001660382,666a5c5fd503d10001660380,【郑州】汪苏泷2024「十万伏特」巡回演唱会-郑州站,2024.08.17 19:00,郑州,4101,PENDING,380.0,https://cdn.ticketmars.com/image/prod/20240613_75/17182465495624905.jpg,662608afa84da500016292ef,郑州奥林匹克体育中心体育场,"{'code': 17, 'displayName': '演唱会', 'name': 'YanChangHui'}",False,1723892400000,1723897800000,"{'yuanNum': '380', 'centNum': '', 'suffix': '起', 'prefix': '￥'}",1723892400000,['20240817'],False,1,6
SHOW,666bbe8eac4a3c000176734f,666bbe8eac4a3c000176734c,【呼和浩特】树海灵迹 单舟夜航[Bloody Woods&灵迹&DengeL联合专场]呼和浩特站,2024.08.24 19:30,呼和浩特,1501,PRESALE,129.0,https://cdn.ticketmars.com/image/prod/20240614_57/17183372945843644.jpg,5cbd90b1908c3872f82066f1,WHOHOT LIVEHOUSE（呼和浩特）,"{'code': 19, 'displayName': 'Livehouse', 'name': 'Livehouse'}",False,1724499000000,1724504400000,"{'yuanNum': '129', 'centNum': '', 'suffix': '起', 'prefix': '￥'}",1724499000000,['20240824'],False,1,3
SHOW,666bc150d792d50001e9fb1a,666bc150d792d50001e9fb18,【郑州】树海灵迹 单舟夜航[Bloody Woods&灵迹&DengeL联合专场]郑州站,2024.09.06 19:30,郑州,4101,PRESALE,129.0,https://cdn.ticketmars.com/image/prod/20240614_57/17183372945843644.jpg,6577f58e001433000183e00d,7LIVEHOUSE（郑州),"{'code': 19, 'displayName': 'Livehouse', 'name': 'Livehouse'}",False,1725622200000,1725627600000,"{'yuanNum': '129', 'centNum': '', 'suffix': '起', 'prefix': '￥'}",1725622200000,['20240906'],False,1,3
SHOW,666aac74d503d10001745861,666aabacb2085d00010f1b61,【北京】6.23 「若⻅晗影升 将惜曈暖归」晗曈爵⼠五重奏 · XU QUINTET,2024.06.23 20:00,北京,1101,ONSALE,280.0,https://cdn.ticketmars.com/image/prod/20240613_19/17182668102979132.png,585a2ab60cf2477fb36e1f96,Blue Note Beijing,"{'code': 19, 'displayName': 'Livehouse', 'name': 'Livehouse'}",False,1719144000000,1719149400000,"{'yuanNum': '280', 'centNum': '', 'suffix': '', 'prefix': '￥'}",1719144000000,['20240623'],False,1,1
SHOW,666bc3ead503d100019b3fcf,666bc3ead503d100019b3fcd,【太原】树海灵迹 单舟夜航[Bloody Woods&灵迹&DengeL联合专场]太原站,2024.08.23 19:30,太原,1401,PRESALE,129.0,https://cdn.ticketmars.com/image/prod/20240614_57/17183372945843644.jpg,5f4f78c3d3521e1e921ac125,The Boo（太原）,"{'code': 19, 'displayName': 'Livehouse', 'name': 'Livehouse'}",False,1724412600000,1724418000000,"{'yuanNum': '129', 'centNum': '', 'suffix': '起', 'prefix': '￥'}",1724412600000,['20240823'],False,1,3
SHOW,666d8005b2085d00017af8a2,666d8005b2085d00017af8a1,【沧州】大运河（沧州）音乐节,2024.07.13 - 07.14,沧州,1309,PENDING,199.0,https://cdn.ticketmars.com/image/prod/20240615_77/17184523703956632.jpg,666d819d3b57e0000124d620,沧州园博园,"{'code': 18, 'displayName': '音乐节', 'name': 'MusicFestival'}",False,1720852200000,1720962000000,"{'yuanNum': '199', 'centNum': '', 'suffix': '起', 'prefix': '￥'}",1720852200000,"['20240714', '20240713']",False,3,7
SHOW,666e67b0d503d10001fd026f,666e67b0d503d10001fd026d,【北京】张碧晨「今儿个开心」十周年限定演唱会-北京站,2024.07.06 19:30,北京,1101,PENDING,380.0,https://cdn.ticketmars.com/image/prod/20240616_31/17185116228983769.jpg,571dec000cf22ad1941ae0ba,华熙LIVE·五棵松·场馆,"{'code': 17, 'displayName': '演唱会', 'name': 'YanChangHui'}",False,1720265400000,1720272600000,"{'yuanNum': '380', 'centNum': '', 'suffix': '起', 'prefix': '￥'}",1720265400000,['20240706'],False,1,5
SHOW,666fcd643d28740001957219,6669a3779a45fa0001a3e4b6, 【哈尔滨】【青岛纯生·2024那吾克热-NW玩一夏暑期特别演出】哈尔滨站,2024.06.30 20:00,哈尔滨,2301,ONSALE,160.0,https://cdn.ticketmars.com/prod/external/img/20240612/6669a37d2f3c7500017570e7.jpg,6503ce676c4dd6000140adc0,哈尔滨 Le大麦livehouse,"{'code': 19, 'displayName': 'Livehouse', 'name': 'Livehouse'}",False,1719748800000,1719756000000,"{'yuanNum': '160', 'centNum': '', 'suffix': '起', 'prefix': '￥'}",1719748800000,['20240630'],False,1,3
SHOW,666fb6b3272c9a0001840672,666417529a45fa0001042821,【北京】「爱・笑・歌」日本实力唱作歌手Tielle 2024巡演-北京站,2024.09.01 19:30,北京,1101,ONSALE,280.0,https://cdn.ticketmars.com/prod/external/img/20240608/6664174fd5e7df0001747d5d.jpg,65f80355a66ba100016a16e0,五棵松·爱乐汇艺术空间·都市剧场,"{'code': 19, 'displayName': 'Livehouse', 'name': 'Livehouse'}",False,1725190200000,1725195600000,"{'yuanNum': '280', 'centNum': '', 'suffix': '起', 'prefix': '￥'}",1725190200000,['20240901'],False,1,2
SHOW,6661ac76a1bf540001a151f7,6661ac75d693a1000177b14b,【北京】VIP CN北京站｜bigbang fans party 北京,2024.07.12 - 07.13,北京,1101,ONSALE,68.0,https://cdn.ticketmars.com/prod/external/img/20240606/6661ac7676ddac000186d93b.jpg,60d9a6bdc756b12d0539f037,北京 想象空间,"{'code': 19, 'displayName': 'Livehouse', 'name': 'Livehouse'}",False,1720797000000,1720807200000,"{'yuanNum': '68', 'centNum': '', 'suffix': '起', 'prefix': '￥'}",1720797000000,['20240712'],False,1,4
SHOW,6661a56fa356a1000118b25c,6661a56e254f4f0001372126,【北京】千禧流行音乐派对(含凤凰传奇专场)CPOP party@周末见呈现,2024.07.13 - 07.14,北京,1101,ONSALE,68.0,https://cdn.ticketmars.com/prod/external/img/20240606/6661a56f9786f7000131fdb0.jpg,60d9a6bdc756b12d0539f037,北京 想象空间,"{'code': 19, 'displayName': 'Livehouse', 'name': 'Livehouse'}",False,1720883400000,1720893600000,"{'yuanNum': '68', 'centNum': '', 'suffix': '起', 'prefix': '￥'}",1720883400000,['20240713'],False,1,4
SHOW,666d2e7fd792d5000121939f,666d2e7e010b210001e1c92b,【北京】大音希声情绪充电站·北京站,2024.06.30 20:00,北京,1101,ONSALE,80.0,https://cdn.ticketmars.com/image/prod/20240617_99/17185990990945530.png,60d9a6bdc756b12d0539f037,北京 想象空间,"{'code': 19, 'displayName': 'Livehouse', 'name': 'Livehouse'}",False,1719748856000,1719756000000,"{'yuanNum': '80', 'centNum': '', 'suffix': '起', 'prefix': '￥'}",1719748856000,['20240630'],False,1,3
SHOW,666fbe95272c9a0001856fdc,666adfc7cb077a0001bda1ce,【北京】日爵都市流行BLU-SWING新专辑「Panorama」| 2024巡演 北京站,2024.06.20 20:00,北京,1101,ONSALE,218.0,https://cdn.ticketmars.com/image/prod/20240617_89/17185993594297886.png,585a2ab60cf2477fb36e1f96,Blue Note Beijing,"{'code': 19, 'displayName': 'Livehouse', 'name': 'Livehouse'}",False,1718884800000,1718892000000,"{'yuanNum': '218', 'centNum': '', 'suffix': '起', 'prefix': '￥'}",1718884800000,['20240620'],False,1,4
SHOW,6664487646e26800016c4166,66644876506e4b0001a152bb,【北京】钟易轩×摩登贝克「旺旺轩贝· 夏夜漫游」- 北京站,2024.07.26 20:00,北京,1101,ONSALE,199.0,https://cdn.ticketmars.com/prod/external/img/20240608/6664416702a45b0001f97566.jpg,622b0ca4d3521e35f4014322,乐空间（北京）,"{'code': 19, 'displayName': 'Livehouse', 'name': 'Livehouse'}",False,1721995200000,1722002400000,"{'yuanNum': '199', 'centNum': '', 'suffix': '起', 'prefix': '￥'}",1721995200000,['20240726'],False,1,3
SHOW,6669a37edfa04e00010c7218,6669a37d9a45fa0001a3e4d1,【郑州】【青岛纯生·2024那吾克热-NW玩一夏暑期特别演出】郑州站,2024.07.07 20:00,郑州,4101,ONSALE,160.0,https://cdn.ticketmars.com/prod/external/img/20240612/6669a37d2f3c7500017570e7.jpg,60ab4970a81bd0478ae41b23,郑州橙空间,"{'code': 19, 'displayName': 'Livehouse', 'name': 'Livehouse'}",False,1720353600000,1720360800000,"{'yuanNum': '160', 'centNum': '', 'suffix': '起', 'prefix': '￥'}",1720353600000,['20240707'],False,1,3
SHOW,66682eef545bbe00018b82b4,66682eeeb37ef70001c2d6d9,【秦皇岛】浅水ShallowEnd巡演2024CHINA TOUR「来世」特别双专场 秦皇岛站,2024.08.02 20:00,秦皇岛,1303,ONSALE,79.0,https://cdn.ticketmars.com/prod/external/img/20240611/66682eeed5e7df00012256de.jpg,5f0c15dba81bd07f0474e38d,阿那亚DDC,"{'code': 19, 'displayName': 'Livehouse', 'name': 'Livehouse'}",False,1722600000000,1722610800000,"{'yuanNum': '79', 'centNum': '', 'suffix': '起', 'prefix': '￥'}",1722600000000,['20240802'],False,1,3
SHOW,666abcdeb2085d000111ef3c,666abcdd562a640001938da1,【呼和浩特】软柿子乐队2024年巡演《年少的梦》呼和浩特站,2024.09.07 20:00,呼和浩特,1501,ONSALE,60.0,https://cdn.ticketmars.com/prod/external/img/20240613/666abcdd47017e00019c846f.jpg,5cbd90b1908c3872f82066f1,WHOHOT LIVEHOUSE（呼和浩特）,"{'code': 19, 'displayName': 'Livehouse', 'name': 'Livehouse'}",False,1725710400000,1725716459000,"{'yuanNum': '60', 'centNum': '', 'suffix': '起', 'prefix': '￥'}",1725710400000,['20240907'],False,1,4
SHOW,66680ba0d5bb990001b9092b,66680b9e256cbd0001c8140b,【北京】 LiveGigs呈现 | ▀▄▀▄▀法国SKA著名乐团SKARFACE巡回北京站▀▄▀▄▀,2024.06.25 20:00,北京,1101,ONSALE,150.0,https://cdn.ticketmars.com/prod/external/img/20240611/66680b9e76ddac00019d688b.jpg,60d9a6bdc756b12d0539f037,北京 想象空间,"{'code': 19, 'displayName': 'Livehouse', 'name': 'Livehouse'}",False,1719316800000,1719325800000,"{'yuanNum': '150', 'centNum': '', 'suffix': '起', 'prefix': '￥'}",1719316800000,['20240625'],False,1,4
SHOW,6671101c3d28740001c2cbdc,6671101c3d28740001c2cbda,【大连】张泽「张嘴就来2024」BEATBOX巡演（大连站）BBOX,2024.08.02 20:00,大连,2102,ONSALE,198.0,https://cdn.ticketmars.com/image/prod/20240618_50/17186858473499442.jpg,616662b3908c383ac9d17416,赫兹空间（佳兆业店）,"{'code': 19, 'displayName': 'Livehouse', 'name': 'Livehouse'}",False,1722600000000,1722605400000,"{'yuanNum': '198', 'centNum': '', 'suffix': '起', 'prefix': '￥'}",1722600000000,['20240802'],False,1,2
SHOW,667111d7b2085d0001f6c688,667111d7b2085d0001f6c686,【郑州】张泽「张嘴就来2024」BEATBOX巡演（郑州站）BBOX,2024.07.26 20:00,郑州,4101,ONSALE,198.0,https://cdn.ticketmars.com/image/prod/20240618_50/17186862723415615.jpg,6577f58e001433000183e00d,7LIVEHOUSE（郑州),"{'code': 19, 'displayName': 'Livehouse', 'name': 'Livehouse'}",False,1721995200000,1722000600000,"{'yuanNum': '198', 'centNum': '', 'suffix': '起', 'prefix': '￥'}",1721995200000,['20240726'],False,1,2
SHOW,667112cad792d50001ab5ffb,667112cad792d50001ab5ff9,【长春】张泽「张嘴就来2024」BEATBOX巡演（长春站）BBOX,2024.08.03 20:00,长春,2201,ONSALE,198.0,https://cdn.ticketmars.com/image/prod/20240618_22/17186866102145739.jpg,5c874963908c38729559b49b,音浪livehouse,"{'code': 19, 'displayName': 'Livehouse', 'name': 'Livehouse'}",False,1722686400000,1722691800000,"{'yuanNum': '198', 'centNum': '', 'suffix': '起', 'prefix': '￥'}",1722686400000,['20240803'],False,1,2
SHOW,66710c82c69db50001060020,66710c82c69db5000106001e,【北京】张嘴就来2024 BBOX巡演-北京站,2024.07.27 13:30,北京,1101,ONSALE,198.0,https://cdn.ticketmars.com/image/prod/20240618_53/17186851399404259.jpg,580485680cf28631977d3d8e,Mao Livehouse （北京）,"{'code': 19, 'displayName': 'Livehouse', 'name': 'Livehouse'}",False,1722058200000,1722063600000,"{'yuanNum': '198', 'centNum': '', 'suffix': '起', 'prefix': '￥'}",1722058200000,['20240727'],False,1,2
SHOW,667153403d28740001cea465,667153403d28740001cea464,【张家口】张北草原音乐季,2024.07.26 - 07.28,张家口,1307,PRESALE,99.0,https://cdn.ticketmars.com/image/prod/20240618_44/17187035093759500.jpg,646ae2dac9eb9e0001efdc9d,张北中都原始草原,"{'code': 18, 'displayName': '音乐节', 'name': 'MusicFestival'}",False,1721973600000,1722175200000,"{'yuanNum': '99', 'centNum': '', 'suffix': '起', 'prefix': '￥'}",1721973600000,"['20240726', '20240728', '20240727']",False,6,12
SHOW,6672829376f5490001832840,667281891a31830001f64cd8,【北京】6.29  「击打の魂」——森山威男四重奏,2024.06.29 20:00,北京,1101,ONSALE,358.0,https://cdn.ticketmars.com/image/prod/20240619_79/17187803287149333.png,585a2ab60cf2477fb36e1f96,Blue Note Beijing,"{'code': 19, 'displayName': 'Livehouse', 'name': 'Livehouse'}",False,1719662400000,1719667800000,"{'yuanNum': '358', 'centNum': '', 'suffix': '', 'prefix': '￥'}",1719662400000,['20240629'],False,1,1
SHOW,667280910fcb400001174b1a,667280910fcb400001174b18,【长春】向北音乐节,2024.08.10 - 08.11,长春,2201,PENDING,218.0,https://cdn.ticketmars.com/image/prod/20240619_70/17187801271374038.jpg,66727ce0651d450001676582,青怡坊·云琅艺术中心,"{'code': 18, 'displayName': '音乐节', 'name': 'MusicFestival'}",False,1723269600000,1723384800000,"{'yuanNum': '218', 'centNum': '', 'suffix': '起', 'prefix': '￥'}",1723269600000,"['20240811', '20240810']",False,3,10
SHOW,666c203eac4a3c000187532d,666c203eac4a3c000187532c,【北京】2024痛仰乐队「奇妙夏日」北京户外演唱会,2024.07.20 19:30,北京,1101,PENDING,280.0,https://cdn.ticketmars.com/image/prod/20240617_43/17185899074823426.png,666c2248f9bce000015dedbb,首钢园 14&15馆,"{'code': 17, 'displayName': '演唱会', 'name': 'YanChangHui'}",False,1721475000000,1721480400000,"{'yuanNum': '280', 'centNum': '', 'suffix': '起', 'prefix': '￥'}",1721475000000,['20240720'],False,1,8
SHOW,6673d4f2bfd8200001900791,6673d4f2bfd8200001900790,【石家庄】2024石家庄草莓音乐节,2024.07.13 - 07.14,石家庄,1301,PENDING,298.0,https://cdn.ticketmars.com/image/prod/20240621_17/17189730488271100.png,6673d374651d450001676cb9,2024石家庄草莓音乐节,"{'code': 18, 'displayName': '音乐节', 'name': 'MusicFestival'}",False,1720848600000,1720963800000,"{'yuanNum': '298', 'centNum': '', 'suffix': '起', 'prefix': '￥'}",1720848600000,"['20240714', '20240713']",False,3,11
SHOW,6677ebbc9bbfbc0001509ddc,6677ebb97b2a1f00019396a9,【北京】陈德修2024 适者生存 演出北京站,2024.07.20 14:30,北京,1101,ONSALE,280.0,https://cdn.ticketmars.com/image/prod/20240624_37/17192191950169962.jpg,599a47170cf20fb2084de421,疆进酒 OMNI SPACE 北京,"{'code': 19, 'displayName': 'Livehouse', 'name': 'Livehouse'}",False,1721457000000,1721466000000,"{'yuanNum': '280', 'centNum': '', 'suffix': '起', 'prefix': '￥'}",1721457000000,['20240720'],False,1,3
SHOW,667967a0afa0e90001576eab,667967a0afa0e90001576ea9,【北京】2024张杰未·LIVE—「开往1982」巡回演唱会,2024.08.02 - 08.11,北京,1101,PENDING,380.0,https://cdn.ticketmars.com/image/prod/20240624_20/17192326930073136.jpg,575d0c2f0cf28969e9162f3d,国家体育场—鸟巢,"{'code': 17, 'displayName': '演唱会', 'name': 'YanChangHui'}",False,1722594600000,1723377600000,"{'yuanNum': '380', 'centNum': '', 'suffix': '起', 'prefix': '￥'}",1722594600000,"['20240803', '20240802', '20240811', '20240804', '20240809', '20240810']",False,6,42
SHOW,66793f32c64af40001e9e8a9,66793d309bbfbc00017a1164,北京 | 7.11-12  [Love & Liberation」格莱美提名爵士新声Jazzmeia Horn 再度来袭!,2024.07.11 - 07.12,北京,1101,ONSALE,360.0,https://cdn.ticketmars.com/image/prod/20240624_79/17192215850386216.png,585a2ab60cf2477fb36e1f96,Blue Note Beijing,"{'code': 19, 'displayName': 'Livehouse', 'name': 'Livehouse'}",False,1720701000000,1720791000000,"{'yuanNum': '360', 'centNum': '', 'suffix': '', 'prefix': '￥'}",1720701000000,"['20240712', '20240711']",False,2,2
